Signor,Drosophila simulans,20,I,North America,USA,California,Zuma,34.0259,118.78,2012,Feb,11,SAMN05157253,SRR3585384,Signor:Zuma:California:North America:Feb:11:2012:Sz100
Signor,Drosophila simulans,20,I,North America,USA,California,Zuma,34.0259,118.78,2012,Feb,11,SAMN05157254,SRR3585385,Signor:Zuma:California:North America:Feb:11:2012:Sz101
Signor,Drosophila simulans,20,I,North America,USA,California,Zuma,34.0259,118.78,2012,Feb,11,SAMN05157263,SRR3585386,Signor:Zuma:California:North America:Feb:11:2012:Sz116
Signor,Drosophila simulans,20,I,North America,USA,California,Zuma,34.0259,118.78,2012,Feb,11,SAMN05157353,SRR3585387,Signor:Zuma:California:North America:Feb:11:2012:Sz24
Signor,Drosophila simulans,20,I,North America,USA,California,Zuma,34.0259,118.78,2012,Feb,11,SAMN05157354,SRR3585388,Signor:Zuma:California:North America:Feb:11:2012:Sz240
Signor,Drosophila simulans,20,I,North America,USA,California,Zuma,34.0259,118.78,2012,Feb,11,SAMN05157355,SRR3585389,Signor:Zuma:California:North America:Feb:11:2012:Sz241
Signor,Drosophila simulans,20,I,North America,USA,California,Zuma,34.0259,118.78,2012,Feb,11,SAMN05157356,SRR3585390,Signor:Zuma:California:North America:Feb:11:2012:Sz243
Signor,Drosophila simulans,20,I,North America,USA,California,Zuma,34.0259,118.78,2012,Feb,11,SAMN05157357,SRR3585391,Signor:Zuma:California:North America:Feb:11:2012:Sz244
Signor,Drosophila simulans,20,I,North America,USA,California,Zuma,34.0259,118.78,2012,Feb,11,SAMN05157358,SRR3585392,Signor:Zuma:California:North America:Feb:11:2012:Sz246
Signor,Drosophila simulans,20,I,North America,USA,California,Zuma,34.0259,118.78,2012,Feb,11,SAMN05157359,SRR3585393,Signor:Zuma:California:North America:Feb:11:2012:Sz248
Signor,Drosophila simulans,20,I,North America,USA,California,Zuma,34.0259,118.78,2012,Feb,11,SAMN05157360,SRR3585394,Signor:Zuma:California:North America:Feb:11:2012:Sz249
Signor,Drosophila simulans,20,I,North America,USA,California,Zuma,34.0259,118.78,2012,Feb,11,SAMN05157361,SRR3585395,Signor:Zuma:California:North America:Feb:11:2012:Sz252
Signor,Drosophila simulans,20,I,North America,USA,California,Zuma,34.0259,118.78,2012,Feb,11,SAMN05157362,SRR3585396,Signor:Zuma:California:North America:Feb:11:2012:Sz253
Signor,Drosophila simulans,20,I,North America,USA,California,Zuma,34.0259,118.78,2012,Feb,11,SAMN05157264,SRR3585397,Signor:Zuma:California:North America:Feb:11:2012:Sz12
Signor,Drosophila simulans,20,I,North America,USA,California,Zuma,34.0259,118.78,2012,Feb,11,SAMN05157363,SRR3585398,Signor:Zuma:California:North America:Feb:11:2012:Sz254
Signor,Drosophila simulans,20,I,North America,USA,California,Zuma,34.0259,118.78,2012,Feb,11,SAMN05157364,SRR3585399,Signor:Zuma:California:North America:Feb:11:2012:Sz257
Signor,Drosophila simulans,20,I,North America,USA,California,Zuma,34.0259,118.78,2012,Feb,11,SAMN05157365,SRR3585400,Signor:Zuma:California:North America:Feb:11:2012:Sz259
Signor,Drosophila simulans,20,I,North America,USA,California,Zuma,34.0259,118.78,2012,Feb,11,SAMN05157366,SRR3585401,Signor:Zuma:California:North America:Feb:11:2012:Sz26
Signor,Drosophila simulans,20,I,North America,USA,California,Zuma,34.0259,118.78,2012,Feb,11,SAMN05157367,SRR3585402,Signor:Zuma:California:North America:Feb:11:2012:Sz261
Signor,Drosophila simulans,20,I,North America,USA,California,Zuma,34.0259,118.78,2012,Feb,11,SAMN05157368,SRR3585403,Signor:Zuma:California:North America:Feb:11:2012:Sz262
Signor,Drosophila simulans,20,I,North America,USA,California,Zuma,34.0259,118.78,2012,Feb,11,SAMN05157369,SRR3585404,Signor:Zuma:California:North America:Feb:11:2012:Sz265
Signor,Drosophila simulans,20,I,North America,USA,California,Zuma,34.0259,118.78,2012,Feb,11,SAMN05157370,SRR3585405,Signor:Zuma:California:North America:Feb:11:2012:Sz266
Signor,Drosophila simulans,20,I,North America,USA,California,Zuma,34.0259,118.78,2012,Feb,11,SAMN05157371,SRR3585406,Signor:Zuma:California:North America:Feb:11:2012:Sz267
Signor,Drosophila simulans,20,I,North America,USA,California,Zuma,34.0259,118.78,2012,Feb,11,SAMN05157372,SRR3585407,Signor:Zuma:California:North America:Feb:11:2012:Sz268
Signor,Drosophila simulans,20,I,North America,USA,California,Zuma,34.0259,118.78,2012,Feb,11,SAMN05157265,SRR3585408,Signor:Zuma:California:North America:Feb:11:2012:Sz120
Signor,Drosophila simulans,20,I,North America,USA,California,Zuma,34.0259,118.78,2012,Feb,11,SAMN05157373,SRR3585409,Signor:Zuma:California:North America:Feb:11:2012:Sz27
Signor,Drosophila simulans,20,I,North America,USA,California,Zuma,34.0259,118.78,2012,Feb,11,SAMN05157374,SRR3585410,Signor:Zuma:California:North America:Feb:11:2012:Sz270
Signor,Drosophila simulans,20,I,North America,USA,California,Zuma,34.0259,118.78,2012,Feb,11,SAMN05157375,SRR3585411,Signor:Zuma:California:North America:Feb:11:2012:Sz271
Signor,Drosophila simulans,20,I,North America,USA,California,Zuma,34.0259,118.78,2012,Feb,11,SAMN05157376,SRR3585412,Signor:Zuma:California:North America:Feb:11:2012:Sz272
Signor,Drosophila simulans,20,I,North America,USA,California,Zuma,34.0259,118.78,2012,Feb,11,SAMN05157377,SRR3585413,Signor:Zuma:California:North America:Feb:11:2012:Sz274
Signor,Drosophila simulans,20,I,North America,USA,California,Zuma,34.0259,118.78,2012,Feb,11,SAMN05157378,SRR3585414,Signor:Zuma:California:North America:Feb:11:2012:Sz275
Signor,Drosophila simulans,20,I,North America,USA,California,Zuma,34.0259,118.78,2012,Feb,11,SAMN05157379,SRR3585415,Signor:Zuma:California:North America:Feb:11:2012:Sz281
Signor,Drosophila simulans,20,I,North America,USA,California,Zuma,34.0259,118.78,2012,Feb,11,SAMN05157380,SRR3585416,Signor:Zuma:California:North America:Feb:11:2012:Sz282
Signor,Drosophila simulans,20,I,North America,USA,California,Zuma,34.0259,118.78,2012,Feb,11,SAMN05157381,SRR3585417,Signor:Zuma:California:North America:Feb:11:2012:Sz285
Signor,Drosophila simulans,20,I,North America,USA,California,Zuma,34.0259,118.78,2012,Feb,11,SAMN05157382,SRR3585418,Signor:Zuma:California:North America:Feb:11:2012:Sz286
Signor,Drosophila simulans,20,I,North America,USA,California,Zuma,34.0259,118.78,2012,Feb,11,SAMN05157266,SRR3585419,Signor:Zuma:California:North America:Feb:11:2012:Sz121
Signor,Drosophila simulans,20,I,North America,USA,California,Zuma,34.0259,118.78,2012,Feb,11,SAMN05157383,SRR3585420,Signor:Zuma:California:North America:Feb:11:2012:Sz287
Signor,Drosophila simulans,20,I,North America,USA,California,Zuma,34.0259,118.78,2012,Feb,11,SAMN05157384,SRR3585421,Signor:Zuma:California:North America:Feb:11:2012:Sz288
Signor,Drosophila simulans,20,I,North America,USA,California,Zuma,34.0259,118.78,2012,Feb,11,SAMN05157385,SRR3585422,Signor:Zuma:California:North America:Feb:11:2012:Sz289
Signor,Drosophila simulans,20,I,North America,USA,California,Zuma,34.0259,118.78,2012,Feb,11,SAMN05157386,SRR3585423,Signor:Zuma:California:North America:Feb:11:2012:Sz29
Signor,Drosophila simulans,20,I,North America,USA,California,Zuma,34.0259,118.78,2012,Feb,11,SAMN05157387,SRR3585424,Signor:Zuma:California:North America:Feb:11:2012:Sz291
Signor,Drosophila simulans,20,I,North America,USA,California,Zuma,34.0259,118.78,2012,Feb,11,SAMN05157388,SRR3585425,Signor:Zuma:California:North America:Feb:11:2012:Sz293
Signor,Drosophila simulans,20,I,North America,USA,California,Zuma,34.0259,118.78,2012,Feb,11,SAMN05157389,SRR3585426,Signor:Zuma:California:North America:Feb:11:2012:Sz298
Signor,Drosophila simulans,20,I,North America,USA,California,Zuma,34.0259,118.78,2012,Feb,11,SAMN05157390,SRR3585427,Signor:Zuma:California:North America:Feb:11:2012:Sz299
Signor,Drosophila simulans,20,I,North America,USA,California,Zuma,34.0259,118.78,2012,Feb,11,SAMN05157391,SRR3585428,Signor:Zuma:California:North America:Feb:11:2012:Sz3
Signor,Drosophila simulans,20,I,North America,USA,California,Zuma,34.0259,118.78,2012,Feb,11,SAMN05157392,SRR3585429,Signor:Zuma:California:North America:Feb:11:2012:Sz30
Signor,Drosophila simulans,20,I,North America,USA,California,Zuma,34.0259,118.78,2012,Feb,11,SAMN05157267,SRR3585430,Signor:Zuma:California:North America:Feb:11:2012:Sz123
Signor,Drosophila simulans,20,I,North America,USA,California,Zuma,34.0259,118.78,2012,Feb,11,SAMN05157393,SRR3585431,Signor:Zuma:California:North America:Feb:11:2012:Sz31
Signor,Drosophila simulans,20,I,North America,USA,California,Zuma,34.0259,118.78,2012,Feb,11,SAMN05157394,SRR3585432,Signor:Zuma:California:North America:Feb:11:2012:Sz33
Signor,Drosophila simulans,20,I,North America,USA,California,Zuma,34.0259,118.78,2012,Feb,11,SAMN05157395,SRR3585433,Signor:Zuma:California:North America:Feb:11:2012:Sz35
Signor,Drosophila simulans,20,I,North America,USA,California,Zuma,34.0259,118.78,2012,Feb,11,SAMN05157396,SRR3585434,Signor:Zuma:California:North America:Feb:11:2012:Sz37
Signor,Drosophila simulans,20,I,North America,USA,California,Zuma,34.0259,118.78,2012,Feb,11,SAMN05157397,SRR3585435,Signor:Zuma:California:North America:Feb:11:2012:Sz39
Signor,Drosophila simulans,20,I,North America,USA,California,Zuma,34.0259,118.78,2012,Feb,11,SAMN05157398,SRR3585436,Signor:Zuma:California:North America:Feb:11:2012:Sz4
Signor,Drosophila simulans,20,I,North America,USA,California,Zuma,34.0259,118.78,2012,Feb,11,SAMN05157399,SRR3585437,Signor:Zuma:California:North America:Feb:11:2012:Sz40
Signor,Drosophila simulans,20,I,North America,USA,California,Zuma,34.0259,118.78,2012,Feb,11,SAMN05157400,SRR3585438,Signor:Zuma:California:North America:Feb:11:2012:Sz41
Signor,Drosophila simulans,20,I,North America,USA,California,Zuma,34.0259,118.78,2012,Feb,11,SAMN05157401,SRR3585439,Signor:Zuma:California:North America:Feb:11:2012:Sz43
Signor,Drosophila simulans,20,I,North America,USA,California,Zuma,34.0259,118.78,2012,Feb,11,SAMN05157402,SRR3585440,Signor:Zuma:California:North America:Feb:11:2012:Sz45
Signor,Drosophila simulans,20,I,North America,USA,California,Zuma,34.0259,118.78,2012,Feb,11,SAMN05157268,SRR3585441,Signor:Zuma:California:North America:Feb:11:2012:Sz124
Signor,Drosophila simulans,20,I,North America,USA,California,Zuma,34.0259,118.78,2012,Feb,11,SAMN05157403,SRR3585442,Signor:Zuma:California:North America:Feb:11:2012:Sz46
Signor,Drosophila simulans,20,I,North America,USA,California,Zuma,34.0259,118.78,2012,Feb,11,SAMN05157404,SRR3585443,Signor:Zuma:California:North America:Feb:11:2012:Sz47
Signor,Drosophila simulans,20,I,North America,USA,California,Zuma,34.0259,118.78,2012,Feb,11,SAMN05157405,SRR3585444,Signor:Zuma:California:North America:Feb:11:2012:Sz48
Signor,Drosophila simulans,20,I,North America,USA,California,Zuma,34.0259,118.78,2012,Feb,11,SAMN05157406,SRR3585445,Signor:Zuma:California:North America:Feb:11:2012:Sz49
Signor,Drosophila simulans,20,I,North America,USA,California,Zuma,34.0259,118.78,2012,Feb,11,SAMN05157407,SRR3585446,Signor:Zuma:California:North America:Feb:11:2012:Sz5
Signor,Drosophila simulans,20,I,North America,USA,California,Zuma,34.0259,118.78,2012,Feb,11,SAMN05157408,SRR3585447,Signor:Zuma:California:North America:Feb:11:2012:Sz52
Signor,Drosophila simulans,20,I,North America,USA,California,Zuma,34.0259,118.78,2012,Feb,11,SAMN05157409,SRR3585448,Signor:Zuma:California:North America:Feb:11:2012:Sz53
Signor,Drosophila simulans,20,I,North America,USA,California,Zuma,34.0259,118.78,2012,Feb,11,SAMN05157410,SRR3585449,Signor:Zuma:California:North America:Feb:11:2012:Sz54
Signor,Drosophila simulans,20,I,North America,USA,California,Zuma,34.0259,118.78,2012,Feb,11,SAMN05157411,SRR3585450,Signor:Zuma:California:North America:Feb:11:2012:Sz56
Signor,Drosophila simulans,20,I,North America,USA,California,Zuma,34.0259,118.78,2012,Feb,11,SAMN05157412,SRR3585451,Signor:Zuma:California:North America:Feb:11:2012:Sz57
Signor,Drosophila simulans,20,I,North America,USA,California,Zuma,34.0259,118.78,2012,Feb,11,SAMN05157269,SRR3585452,Signor:Zuma:California:North America:Feb:11:2012:Sz125
Signor,Drosophila simulans,20,I,North America,USA,California,Zuma,34.0259,118.78,2012,Feb,11,SAMN05157413,SRR3585453,Signor:Zuma:California:North America:Feb:11:2012:Sz58
Signor,Drosophila simulans,20,I,North America,USA,California,Zuma,34.0259,118.78,2012,Feb,11,SAMN05157414,SRR3585454,Signor:Zuma:California:North America:Feb:11:2012:Sz6
Signor,Drosophila simulans,20,I,North America,USA,California,Zuma,34.0259,118.78,2012,Feb,11,SAMN05157415,SRR3585455,Signor:Zuma:California:North America:Feb:11:2012:Sz60
Signor,Drosophila simulans,20,I,North America,USA,California,Zuma,34.0259,118.78,2012,Feb,11,SAMN05157416,SRR3585456,Signor:Zuma:California:North America:Feb:11:2012:Sz62
Signor,Drosophila simulans,20,I,North America,USA,California,Zuma,34.0259,118.78,2012,Feb,11,SAMN05157417,SRR3585457,Signor:Zuma:California:North America:Feb:11:2012:Sz64
Signor,Drosophila simulans,20,I,North America,USA,California,Zuma,34.0259,118.78,2012,Feb,11,SAMN05157418,SRR3585458,Signor:Zuma:California:North America:Feb:11:2012:Sz65
Signor,Drosophila simulans,20,I,North America,USA,California,Zuma,34.0259,118.78,2012,Feb,11,SAMN05157419,SRR3585459,Signor:Zuma:California:North America:Feb:11:2012:Sz68
Signor,Drosophila simulans,20,I,North America,USA,California,Zuma,34.0259,118.78,2012,Feb,11,SAMN05157420,SRR3585460,Signor:Zuma:California:North America:Feb:11:2012:Sz71
Signor,Drosophila simulans,20,I,North America,USA,California,Zuma,34.0259,118.78,2012,Feb,11,SAMN05157421,SRR3585461,Signor:Zuma:California:North America:Feb:11:2012:Sz75
Signor,Drosophila simulans,20,I,North America,USA,California,Zuma,34.0259,118.78,2012,Feb,11,SAMN05157422,SRR3585462,Signor:Zuma:California:North America:Feb:11:2012:Sz76
Signor,Drosophila simulans,20,I,North America,USA,California,Zuma,34.0259,118.78,2012,Feb,11,SAMN05157270,SRR3585463,Signor:Zuma:California:North America:Feb:11:2012:Sz126
Signor,Drosophila simulans,20,I,North America,USA,California,Zuma,34.0259,118.78,2012,Feb,11,SAMN05157423,SRR3585464,Signor:Zuma:California:North America:Feb:11:2012:Sz77
Signor,Drosophila simulans,20,I,North America,USA,California,Zuma,34.0259,118.78,2012,Feb,11,SAMN05157424,SRR3585465,Signor:Zuma:California:North America:Feb:11:2012:Sz8
Signor,Drosophila simulans,20,I,North America,USA,California,Zuma,34.0259,118.78,2012,Feb,11,SAMN05157425,SRR3585466,Signor:Zuma:California:North America:Feb:11:2012:Sz80
Signor,Drosophila simulans,20,I,North America,USA,California,Zuma,34.0259,118.78,2012,Feb,11,SAMN05157426,SRR3585467,Signor:Zuma:California:North America:Feb:11:2012:Sz82
Signor,Drosophila simulans,20,I,North America,USA,California,Zuma,34.0259,118.78,2012,Feb,11,SAMN05157427,SRR3585468,Signor:Zuma:California:North America:Feb:11:2012:Sz83
Signor,Drosophila simulans,20,I,North America,USA,California,Zuma,34.0259,118.78,2012,Feb,11,SAMN05157428,SRR3585469,Signor:Zuma:California:North America:Feb:11:2012:Sz84
Signor,Drosophila simulans,20,I,North America,USA,California,Zuma,34.0259,118.78,2012,Feb,11,SAMN05157429,SRR3585470,Signor:Zuma:California:North America:Feb:11:2012:Sz87
Signor,Drosophila simulans,20,I,North America,USA,California,Zuma,34.0259,118.78,2012,Feb,11,SAMN05157430,SRR3585471,Signor:Zuma:California:North America:Feb:11:2012:Sz9
Signor,Drosophila simulans,20,I,North America,USA,California,Zuma,34.0259,118.78,2012,Feb,11,SAMN05157431,SRR3585472,Signor:Zuma:California:North America:Feb:11:2012:Sz90
Signor,Drosophila simulans,20,I,North America,USA,California,Zuma,34.0259,118.78,2012,Feb,11,SAMN05157432,SRR3585473,Signor:Zuma:California:North America:Feb:11:2012:Sz91
Signor,Drosophila simulans,20,I,North America,USA,California,Zuma,34.0259,118.78,2012,Feb,11,SAMN05157271,SRR3585474,Signor:Zuma:California:North America:Feb:11:2012:Sz127
Signor,Drosophila simulans,20,I,North America,USA,California,Zuma,34.0259,118.78,2012,Feb,11,SAMN05157433,SRR3585475,Signor:Zuma:California:North America:Feb:11:2012:Sz93
Signor,Drosophila simulans,20,I,North America,USA,California,Zuma,34.0259,118.78,2012,Feb,11,SAMN05157434,SRR3585476,Signor:Zuma:California:North America:Feb:11:2012:Sz97
Signor,Drosophila simulans,20,I,North America,USA,California,Zuma,34.0259,118.78,2012,Feb,11,SAMN05157435,SRR3585477,Signor:Zuma:California:North America:Feb:11:2012:Sz99
Signor,Drosophila simulans,20,I,North America,USA,California,Zuma,34.0259,118.78,2012,Feb,11,SAMN05157272,SRR3585478,Signor:Zuma:California:North America:Feb:11:2012:Sz128
Signor,Drosophila simulans,20,I,North America,USA,California,Zuma,34.0259,118.78,2012,Feb,11,SAMN05157255,SRR3585479,Signor:Zuma:California:North America:Feb:11:2012:Sz102
Signor,Drosophila simulans,20,I,North America,USA,California,Zuma,34.0259,118.78,2012,Feb,11,SAMN05157273,SRR3585480,Signor:Zuma:California:North America:Feb:11:2012:Sz129
Signor,Drosophila simulans,20,I,North America,USA,California,Zuma,34.0259,118.78,2012,Feb,11,SAMN05157274,SRR3585481,Signor:Zuma:California:North America:Feb:11:2012:Sz13
Signor,Drosophila simulans,20,I,North America,USA,California,Zuma,34.0259,118.78,2012,Feb,11,SAMN05157275,SRR3585482,Signor:Zuma:California:North America:Feb:11:2012:Sz130
Signor,Drosophila simulans,20,I,North America,USA,California,Zuma,34.0259,118.78,2012,Feb,11,SAMN05157276,SRR3585484,Signor:Zuma:California:North America:Feb:11:2012:Sz131
Signor,Drosophila simulans,20,I,North America,USA,California,Zuma,34.0259,118.78,2012,Feb,11,SAMN05157277,SRR3585485,Signor:Zuma:California:North America:Feb:11:2012:Sz133
Signor,Drosophila simulans,20,I,North America,USA,California,Zuma,34.0259,118.78,2012,Feb,11,SAMN05157278,SRR3585486,Signor:Zuma:California:North America:Feb:11:2012:Sz135
Signor,Drosophila simulans,20,I,North America,USA,California,Zuma,34.0259,118.78,2012,Feb,11,SAMN05157279,SRR3585487,Signor:Zuma:California:North America:Feb:11:2012:Sz136
Signor,Drosophila simulans,20,I,North America,USA,California,Zuma,34.0259,118.78,2012,Feb,11,SAMN05157280,SRR3585488,Signor:Zuma:California:North America:Feb:11:2012:Sz137
Signor,Drosophila simulans,20,I,North America,USA,California,Zuma,34.0259,118.78,2012,Feb,11,SAMN05157281,SRR3585489,Signor:Zuma:California:North America:Feb:11:2012:Sz138
Signor,Drosophila simulans,20,I,North America,USA,California,Zuma,34.0259,118.78,2012,Feb,11,SAMN05157282,SRR3585490,Signor:Zuma:California:North America:Feb:11:2012:Sz139
Signor,Drosophila simulans,20,I,North America,USA,California,Zuma,34.0259,118.78,2012,Feb,11,SAMN05157256,SRR3585491,Signor:Zuma:California:North America:Feb:11:2012:Sz103
Signor,Drosophila simulans,20,I,North America,USA,California,Zuma,34.0259,118.78,2012,Feb,11,SAMN05157283,SRR3585492,Signor:Zuma:California:North America:Feb:11:2012:Sz14
Signor,Drosophila simulans,20,I,North America,USA,California,Zuma,34.0259,118.78,2012,Feb,11,SAMN05157284,SRR3585493,Signor:Zuma:California:North America:Feb:11:2012:Sz140
Signor,Drosophila simulans,20,I,North America,USA,California,Zuma,34.0259,118.78,2012,Feb,11,SAMN05157285,SRR3585494,Signor:Zuma:California:North America:Feb:11:2012:Sz141
Signor,Drosophila simulans,20,I,North America,USA,California,Zuma,34.0259,118.78,2012,Feb,11,SAMN05157286,SRR3585496,Signor:Zuma:California:North America:Feb:11:2012:Sz142
Signor,Drosophila simulans,20,I,North America,USA,California,Zuma,34.0259,118.78,2012,Feb,11,SAMN05157287,SRR3585497,Signor:Zuma:California:North America:Feb:11:2012:Sz143
Signor,Drosophila simulans,20,I,North America,USA,California,Zuma,34.0259,118.78,2012,Feb,11,SAMN05157288,SRR3585498,Signor:Zuma:California:North America:Feb:11:2012:Sz145
Signor,Drosophila simulans,20,I,North America,USA,California,Zuma,34.0259,118.78,2012,Feb,11,SAMN05157289,SRR3585499,Signor:Zuma:California:North America:Feb:11:2012:Sz146
Signor,Drosophila simulans,20,I,North America,USA,California,Zuma,34.0259,118.78,2012,Feb,11,SAMN05157290,SRR3585500,Signor:Zuma:California:North America:Feb:11:2012:Sz149
Signor,Drosophila simulans,20,I,North America,USA,California,Zuma,34.0259,118.78,2012,Feb,11,SAMN05157291,SRR3585501,Signor:Zuma:California:North America:Feb:11:2012:Sz15
Signor,Drosophila simulans,20,I,North America,USA,California,Zuma,34.0259,118.78,2012,Feb,11,SAMN05157292,SRR3585502,Signor:Zuma:California:North America:Feb:11:2012:Sz151
Signor,Drosophila simulans,20,I,North America,USA,California,Zuma,34.0259,118.78,2012,Feb,11,SAMN05157257,SRR3585519,Signor:Zuma:California:North America:Feb:11:2012:Sz106
Signor,Drosophila simulans,20,I,North America,USA,California,Zuma,34.0259,118.78,2012,Feb,11,SAMN05157293,SRR3585530,Signor:Zuma:California:North America:Feb:11:2012:Sz153
Signor,Drosophila simulans,20,I,North America,USA,California,Zuma,34.0259,118.78,2012,Feb,11,SAMN05157294,SRR3585587,Signor:Zuma:California:North America:Feb:11:2012:Sz154
Signor,Drosophila simulans,20,I,North America,USA,California,Zuma,34.0259,118.78,2012,Feb,11,SAMN05157295,SRR3585588,Signor:Zuma:California:North America:Feb:11:2012:Sz155
Signor,Drosophila simulans,20,I,North America,USA,California,Zuma,34.0259,118.78,2012,Feb,11,SAMN05157296,SRR3585616,Signor:Zuma:California:North America:Feb:11:2012:Sz158
Signor,Drosophila simulans,20,I,North America,USA,California,Zuma,34.0259,118.78,2012,Feb,11,SAMN05157297,SRR3585651,Signor:Zuma:California:North America:Feb:11:2012:Sz16
Signor,Drosophila simulans,20,I,North America,USA,California,Zuma,34.0259,118.78,2012,Feb,11,SAMN05157298,SRR3585652,Signor:Zuma:California:North America:Feb:11:2012:Sz160
Signor,Drosophila simulans,20,I,North America,USA,California,Zuma,34.0259,118.78,2012,Feb,11,SAMN05157299,SRR3585653,Signor:Zuma:California:North America:Feb:11:2012:Sz162
Signor,Drosophila simulans,20,I,North America,USA,California,Zuma,34.0259,118.78,2012,Feb,11,SAMN05157300,SRR3585654,Signor:Zuma:California:North America:Feb:11:2012:Sz163
Signor,Drosophila simulans,20,I,North America,USA,California,Zuma,34.0259,118.78,2012,Feb,11,SAMN05157301,SRR3585687,Signor:Zuma:California:North America:Feb:11:2012:Sz164
Signor,Drosophila simulans,20,I,North America,USA,California,Zuma,34.0259,118.78,2012,Feb,11,SAMN05157302,SRR3585729,Signor:Zuma:California:North America:Feb:11:2012:Sz166
Signor,Drosophila simulans,20,I,North America,USA,California,Zuma,34.0259,118.78,2012,Feb,11,SAMN05157258,SRR3585730,Signor:Zuma:California:North America:Feb:11:2012:Sz11
Signor,Drosophila simulans,20,I,North America,USA,California,Zuma,34.0259,118.78,2012,Feb,11,SAMN05157303,SRR3585731,Signor:Zuma:California:North America:Feb:11:2012:Sz168
Signor,Drosophila simulans,20,I,North America,USA,California,Zuma,34.0259,118.78,2012,Feb,11,SAMN05157304,SRR3585732,Signor:Zuma:California:North America:Feb:11:2012:Sz169
Signor,Drosophila simulans,20,I,North America,USA,California,Zuma,34.0259,118.78,2012,Feb,11,SAMN05157305,SRR3585733,Signor:Zuma:California:North America:Feb:11:2012:Sz172
Signor,Drosophila simulans,20,I,North America,USA,California,Zuma,34.0259,118.78,2012,Feb,11,SAMN05157306,SRR3585734,Signor:Zuma:California:North America:Feb:11:2012:Sz173
Signor,Drosophila simulans,20,I,North America,USA,California,Zuma,34.0259,118.78,2012,Feb,11,SAMN05157307,SRR3585735,Signor:Zuma:California:North America:Feb:11:2012:Sz175
Signor,Drosophila simulans,20,I,North America,USA,California,Zuma,34.0259,118.78,2012,Feb,11,SAMN05157308,SRR3585736,Signor:Zuma:California:North America:Feb:11:2012:Sz176
Signor,Drosophila simulans,20,I,North America,USA,California,Zuma,34.0259,118.78,2012,Feb,11,SAMN05157309,SRR3585737,Signor:Zuma:California:North America:Feb:11:2012:Sz181
Signor,Drosophila simulans,20,I,North America,USA,California,Zuma,34.0259,118.78,2012,Feb,11,SAMN05157310,SRR3585738,Signor:Zuma:California:North America:Feb:11:2012:Sz182
Signor,Drosophila simulans,20,I,North America,USA,California,Zuma,34.0259,118.78,2012,Feb,11,SAMN05157311,SRR3585739,Signor:Zuma:California:North America:Feb:11:2012:Sz184
Signor,Drosophila simulans,20,I,North America,USA,California,Zuma,34.0259,118.78,2012,Feb,11,SAMN05157312,SRR3585740,Signor:Zuma:California:North America:Feb:11:2012:Sz185
Signor,Drosophila simulans,20,I,North America,USA,California,Zuma,34.0259,118.78,2012,Feb,11,SAMN05157259,SRR3585741,Signor:Zuma:California:North America:Feb:11:2012:Sz110
Signor,Drosophila simulans,20,I,North America,USA,California,Zuma,34.0259,118.78,2012,Feb,11,SAMN05157313,SRR3585742,Signor:Zuma:California:North America:Feb:11:2012:Sz186
Signor,Drosophila simulans,20,I,North America,USA,California,Zuma,34.0259,118.78,2012,Feb,11,SAMN05157314,SRR3585743,Signor:Zuma:California:North America:Feb:11:2012:Sz189
Signor,Drosophila simulans,20,I,North America,USA,California,Zuma,34.0259,118.78,2012,Feb,11,SAMN05157315,SRR3585744,Signor:Zuma:California:North America:Feb:11:2012:Sz19
Signor,Drosophila simulans,20,I,North America,USA,California,Zuma,34.0259,118.78,2012,Feb,11,SAMN05157316,SRR3585745,Signor:Zuma:California:North America:Feb:11:2012:Sz190
Signor,Drosophila simulans,20,I,North America,USA,California,Zuma,34.0259,118.78,2012,Feb,11,SAMN05157317,SRR3585746,Signor:Zuma:California:North America:Feb:11:2012:Sz191
Signor,Drosophila simulans,20,I,North America,USA,California,Zuma,34.0259,118.78,2012,Feb,11,SAMN05157318,SRR3585747,Signor:Zuma:California:North America:Feb:11:2012:Sz193
Signor,Drosophila simulans,20,I,North America,USA,California,Zuma,34.0259,118.78,2012,Feb,11,SAMN05157319,SRR3585748,Signor:Zuma:California:North America:Feb:11:2012:Sz194
Signor,Drosophila simulans,20,I,North America,USA,California,Zuma,34.0259,118.78,2012,Feb,11,SAMN05157320,SRR3585749,Signor:Zuma:California:North America:Feb:11:2012:Sz196
Signor,Drosophila simulans,20,I,North America,USA,California,Zuma,34.0259,118.78,2012,Feb,11,SAMN05157321,SRR3585750,Signor:Zuma:California:North America:Feb:11:2012:Sz197
Signor,Drosophila simulans,20,I,North America,USA,California,Zuma,34.0259,118.78,2012,Feb,11,SAMN05157322,SRR3585751,Signor:Zuma:California:North America:Feb:11:2012:Sz199
Signor,Drosophila simulans,20,I,North America,USA,California,Zuma,34.0259,118.78,2012,Feb,11,SAMN05157260,SRR3585752,Signor:Zuma:California:North America:Feb:11:2012:Sz111
Signor,Drosophila simulans,20,I,North America,USA,California,Zuma,34.0259,118.78,2012,Feb,11,SAMN05157323,SRR3585753,Signor:Zuma:California:North America:Feb:11:2012:Sz200
Signor,Drosophila simulans,20,I,North America,USA,California,Zuma,34.0259,118.78,2012,Feb,11,SAMN05157324,SRR3585754,Signor:Zuma:California:North America:Feb:11:2012:Sz201
Signor,Drosophila simulans,20,I,North America,USA,California,Zuma,34.0259,118.78,2012,Feb,11,SAMN05157325,SRR3585755,Signor:Zuma:California:North America:Feb:11:2012:Sz202
Signor,Drosophila simulans,20,I,North America,USA,California,Zuma,34.0259,118.78,2012,Feb,11,SAMN05157326,SRR3585756,Signor:Zuma:California:North America:Feb:11:2012:Sz203
Signor,Drosophila simulans,20,I,North America,USA,California,Zuma,34.0259,118.78,2012,Feb,11,SAMN05157327,SRR3585757,Signor:Zuma:California:North America:Feb:11:2012:Sz204
Signor,Drosophila simulans,20,I,North America,USA,California,Zuma,34.0259,118.78,2012,Feb,11,SAMN05157328,SRR3585758,Signor:Zuma:California:North America:Feb:11:2012:Sz205
Signor,Drosophila simulans,20,I,North America,USA,California,Zuma,34.0259,118.78,2012,Feb,11,SAMN05157329,SRR3585759,Signor:Zuma:California:North America:Feb:11:2012:Sz207
Signor,Drosophila simulans,20,I,North America,USA,California,Zuma,34.0259,118.78,2012,Feb,11,SAMN05157330,SRR3585760,Signor:Zuma:California:North America:Feb:11:2012:Sz208
Signor,Drosophila simulans,20,I,North America,USA,California,Zuma,34.0259,118.78,2012,Feb,11,SAMN05157331,SRR3585761,Signor:Zuma:California:North America:Feb:11:2012:Sz209
Signor,Drosophila simulans,20,I,North America,USA,California,Zuma,34.0259,118.78,2012,Feb,11,SAMN05157332,SRR3585762,Signor:Zuma:California:North America:Feb:11:2012:Sz21
Signor,Drosophila simulans,20,I,North America,USA,California,Zuma,34.0259,118.78,2012,Feb,11,SAMN05157261,SRR3585763,Signor:Zuma:California:North America:Feb:11:2012:Sz113
Signor,Drosophila simulans,20,I,North America,USA,California,Zuma,34.0259,118.78,2012,Feb,11,SAMN05157333,SRR3585764,Signor:Zuma:California:North America:Feb:11:2012:Sz210
Signor,Drosophila simulans,20,I,North America,USA,California,Zuma,34.0259,118.78,2012,Feb,11,SAMN05157334,SRR3585765,Signor:Zuma:California:North America:Feb:11:2012:Sz211
Signor,Drosophila simulans,20,I,North America,USA,California,Zuma,34.0259,118.78,2012,Feb,11,SAMN05157335,SRR3585766,Signor:Zuma:California:North America:Feb:11:2012:Sz212
Signor,Drosophila simulans,20,I,North America,USA,California,Zuma,34.0259,118.78,2012,Feb,11,SAMN05157336,SRR3585767,Signor:Zuma:California:North America:Feb:11:2012:Sz213
Signor,Drosophila simulans,20,I,North America,USA,California,Zuma,34.0259,118.78,2012,Feb,11,SAMN05157337,SRR3585768,Signor:Zuma:California:North America:Feb:11:2012:Sz214
Signor,Drosophila simulans,20,I,North America,USA,California,Zuma,34.0259,118.78,2012,Feb,11,SAMN05157338,SRR3585769,Signor:Zuma:California:North America:Feb:11:2012:Sz217
Signor,Drosophila simulans,20,I,North America,USA,California,Zuma,34.0259,118.78,2012,Feb,11,SAMN05157339,SRR3585770,Signor:Zuma:California:North America:Feb:11:2012:Sz218
Signor,Drosophila simulans,20,I,North America,USA,California,Zuma,34.0259,118.78,2012,Feb,11,SAMN05157340,SRR3585771,Signor:Zuma:California:North America:Feb:11:2012:Sz22
Signor,Drosophila simulans,20,I,North America,USA,California,Zuma,34.0259,118.78,2012,Feb,11,SAMN05157341,SRR3585772,Signor:Zuma:California:North America:Feb:11:2012:Sz220
Signor,Drosophila simulans,20,I,North America,USA,California,Zuma,34.0259,118.78,2012,Feb,11,SAMN05157342,SRR3585773,Signor:Zuma:California:North America:Feb:11:2012:Sz223
Signor,Drosophila simulans,20,I,North America,USA,California,Zuma,34.0259,118.78,2012,Feb,11,SAMN05157262,SRR3585774,Signor:Zuma:California:North America:Feb:11:2012:Sz115
Signor,Drosophila simulans,20,I,North America,USA,California,Zuma,34.0259,118.78,2012,Feb,11,SAMN05157343,SRR3585775,Signor:Zuma:California:North America:Feb:11:2012:Sz225
Signor,Drosophila simulans,20,I,North America,USA,California,Zuma,34.0259,118.78,2012,Feb,11,SAMN05157344,SRR3585776,Signor:Zuma:California:North America:Feb:11:2012:Sz226
Signor,Drosophila simulans,20,I,North America,USA,California,Zuma,34.0259,118.78,2012,Feb,11,SAMN05157345,SRR3585777,Signor:Zuma:California:North America:Feb:11:2012:Sz228
Signor,Drosophila simulans,20,I,North America,USA,California,Zuma,34.0259,118.78,2012,Feb,11,SAMN05157346,SRR3585778,Signor:Zuma:California:North America:Feb:11:2012:Sz229
Signor,Drosophila simulans,20,I,North America,USA,California,Zuma,34.0259,118.78,2012,Feb,11,SAMN05157347,SRR3585779,Signor:Zuma:California:North America:Feb:11:2012:Sz232
Signor,Drosophila simulans,20,I,North America,USA,California,Zuma,34.0259,118.78,2012,Feb,11,SAMN05157348,SRR3585780,Signor:Zuma:California:North America:Feb:11:2012:Sz233
Signor,Drosophila simulans,20,I,North America,USA,California,Zuma,34.0259,118.78,2012,Feb,11,SAMN05157349,SRR3585781,Signor:Zuma:California:North America:Feb:11:2012:Sz234
Signor,Drosophila simulans,20,I,North America,USA,California,Zuma,34.0259,118.78,2012,Feb,11,SAMN05157350,SRR3585782,Signor:Zuma:California:North America:Feb:11:2012:Sz236
Signor,Drosophila simulans,20,I,North America,USA,California,Zuma,34.0259,118.78,2012,Feb,11,SAMN05157351,SRR3585783,Signor:Zuma:California:North America:Feb:11:2012:Sz237
Signor,Drosophila simulans,20,I,North America,USA,California,Zuma,34.0259,118.78,2012,Feb,11,SAMN05157352,SRR3585784,Signor:Zuma:California:North America:Feb:11:2012:Sz238
