Run,Assay Type,AvgSpotLen,Bases,Biomaterial_provider,BioProject,BioSample,BioSampleModel,breeding_history,breeding_method,Bytes,Center Name,collected_by,Collection_Date,Consent,DATASTORE filetype,DATASTORE provider,DATASTORE region,dev_stage,Experiment,geo_loc_name_country,geo_loc_name_country_continent,geo_loc_name,growth_protocol,Instrument,Library Name,LibraryLayout,LibrarySelection,LibrarySource,Organism,Platform,ReleaseDate,Sample Name,sample_type,sex,SRA Study,strain,tissue
SRR3585384,WGS,110,1349513990,Nuzhdin Lab,PRJNA318623,SAMN05157253,Model organism or animal,15 generations of full-sib inbreeding,full-sib mating,654581246,UNIVERSITY OF FLORIDA,S. V. Nuzhdin,2013,public,"fastq,sra","gs,ncbi,s3","gs.US,ncbi.public,s3.us-east-1",adult,SRX1799105,USA,North America,"USA: California\, Zuma",Standard laboratory methods on cornmeal and molasses medium,Illumina HiSeq 2500,Sz100,SINGLE,RANDOM,GENOMIC,Drosophila simulans,ILLUMINA,2016-10-13T00:00:00Z,Sz100,DNA,female,SRP075682,Sz100,whole body
SRR3585385,WGS,110,505913100,Nuzhdin Lab,PRJNA318623,SAMN05157254,Model organism or animal,15 generations of full-sib inbreeding,full-sib mating,220947040,UNIVERSITY OF FLORIDA,S. V. Nuzhdin,2013,public,"fastq,sra","gs,ncbi,s3","gs.US,ncbi.public,s3.us-east-1",adult,SRX1799106,USA,North America,"USA: California\, Zuma",Standard laboratory methods on cornmeal and molasses medium,Illumina HiSeq 2500,Sz101,SINGLE,RANDOM,GENOMIC,Drosophila simulans,ILLUMINA,2016-10-13T00:00:00Z,Sz101,DNA,female,SRP075682,Sz101,whole body
SRR3585386,WGS,110,66890120,Nuzhdin Lab,PRJNA318623,SAMN05157263,Model organism or animal,15 generations of full-sib inbreeding,full-sib mating,29666318,UNIVERSITY OF FLORIDA,S. V. Nuzhdin,2013,public,"fastq,sra","gs,ncbi,s3","gs.US,ncbi.public,s3.us-east-1",adult,SRX1799107,USA,North America,"USA: California\, Zuma",Standard laboratory methods on cornmeal and molasses medium,Illumina HiSeq 2500,Sz116,SINGLE,RANDOM,GENOMIC,Drosophila simulans,ILLUMINA,2016-10-13T00:00:00Z,Sz116,DNA,female,SRP075682,Sz116,whole body
SRR3585387,WGS,110,1190006620,Nuzhdin Lab,PRJNA318623,SAMN05157353,Model organism or animal,15 generations of full-sib inbreeding,full-sib mating,513985745,UNIVERSITY OF FLORIDA,S. V. Nuzhdin,2013,public,"fastq,sra","gs,ncbi,s3","gs.US,ncbi.public,s3.us-east-1",adult,SRX1799108,USA,North America,"USA: California\, Zuma",Standard laboratory methods on cornmeal and molasses medium,Illumina HiSeq 2500,Sz24,SINGLE,RANDOM,GENOMIC,Drosophila simulans,ILLUMINA,2016-10-13T00:00:00Z,Sz24,DNA,female,SRP075682,Sz24,whole body
SRR3585388,WGS,110,1421238940,Nuzhdin Lab,PRJNA318623,SAMN05157354,Model organism or animal,15 generations of full-sib inbreeding,full-sib mating,616802425,UNIVERSITY OF FLORIDA,S. V. Nuzhdin,2013,public,"fastq,sra","gs,ncbi,s3","gs.US,ncbi.public,s3.us-east-1",adult,SRX1799109,USA,North America,"USA: California\, Zuma",Standard laboratory methods on cornmeal and molasses medium,Illumina HiSeq 2500,Sz240,SINGLE,RANDOM,GENOMIC,Drosophila simulans,ILLUMINA,2016-10-13T00:00:00Z,Sz240,DNA,female,SRP075682,Sz240,whole body
SRR3585389,WGS,110,1190771230,Nuzhdin Lab,PRJNA318623,SAMN05157355,Model organism or animal,15 generations of full-sib inbreeding,full-sib mating,576776859,UNIVERSITY OF FLORIDA,S. V. Nuzhdin,2013,public,"fastq,sra","gs,ncbi,s3","gs.US,ncbi.public,s3.us-east-1",adult,SRX1799110,USA,North America,"USA: California\, Zuma",Standard laboratory methods on cornmeal and molasses medium,Illumina HiSeq 2500,Sz241,SINGLE,RANDOM,GENOMIC,Drosophila simulans,ILLUMINA,2016-10-13T00:00:00Z,Sz241,DNA,female,SRP075682,Sz241,whole body
SRR3585390,WGS,110,2175563500,Nuzhdin Lab,PRJNA318623,SAMN05157356,Model organism or animal,15 generations of full-sib inbreeding,full-sib mating,943933286,UNIVERSITY OF FLORIDA,S. V. Nuzhdin,2013,public,"fastq,sra","gs,ncbi,s3","gs.US,ncbi.public,s3.us-east-1",adult,SRX1799111,USA,North America,"USA: California\, Zuma",Standard laboratory methods on cornmeal and molasses medium,Illumina HiSeq 2500,Sz243,SINGLE,RANDOM,GENOMIC,Drosophila simulans,ILLUMINA,2016-10-13T00:00:00Z,Sz243,DNA,female,SRP075682,Sz243,whole body
SRR3585391,WGS,110,1864977180,Nuzhdin Lab,PRJNA318623,SAMN05157357,Model organism or animal,15 generations of full-sib inbreeding,full-sib mating,807358196,UNIVERSITY OF FLORIDA,S. V. Nuzhdin,2013,public,"fastq,sra","gs,ncbi,s3","gs.US,ncbi.public,s3.us-east-1",adult,SRX1799112,USA,North America,"USA: California\, Zuma",Standard laboratory methods on cornmeal and molasses medium,Illumina HiSeq 2500,Sz244,SINGLE,RANDOM,GENOMIC,Drosophila simulans,ILLUMINA,2016-10-13T00:00:00Z,Sz244,DNA,female,SRP075682,Sz244,whole body
SRR3585392,WGS,110,2331022210,Nuzhdin Lab,PRJNA318623,SAMN05157358,Model organism or animal,15 generations of full-sib inbreeding,full-sib mating,1006546523,UNIVERSITY OF FLORIDA,S. V. Nuzhdin,2013,public,"fastq,sra","gs,ncbi,s3","gs.US,ncbi.public,s3.us-east-1",adult,SRX1799113,USA,North America,"USA: California\, Zuma",Standard laboratory methods on cornmeal and molasses medium,Illumina HiSeq 2500,Sz246,SINGLE,RANDOM,GENOMIC,Drosophila simulans,ILLUMINA,2016-10-13T00:00:00Z,Sz246,DNA,female,SRP075682,Sz246,whole body
SRR3585393,WGS,110,960595570,Nuzhdin Lab,PRJNA318623,SAMN05157359,Model organism or animal,15 generations of full-sib inbreeding,full-sib mating,465319619,UNIVERSITY OF FLORIDA,S. V. Nuzhdin,2013,public,"fastq,sra","gs,ncbi,s3","gs.US,ncbi.public,s3.us-east-1",adult,SRX1799114,USA,North America,"USA: California\, Zuma",Standard laboratory methods on cornmeal and molasses medium,Illumina HiSeq 2500,Sz248,SINGLE,RANDOM,GENOMIC,Drosophila simulans,ILLUMINA,2016-10-13T00:00:00Z,Sz248,DNA,female,SRP075682,Sz248,whole body
SRR3585394,WGS,110,2317065850,Nuzhdin Lab,PRJNA318623,SAMN05157360,Model organism or animal,15 generations of full-sib inbreeding,full-sib mating,1120376099,UNIVERSITY OF FLORIDA,S. V. Nuzhdin,2013,public,"fastq,sra","gs,ncbi,s3","gs.US,ncbi.public,s3.us-east-1",adult,SRX1799115,USA,North America,"USA: California\, Zuma",Standard laboratory methods on cornmeal and molasses medium,Illumina HiSeq 2500,Sz249,SINGLE,RANDOM,GENOMIC,Drosophila simulans,ILLUMINA,2016-10-13T00:00:00Z,Sz249,DNA,female,SRP075682,Sz249,whole body
SRR3585395,WGS,110,1211968890,Nuzhdin Lab,PRJNA318623,SAMN05157361,Model organism or animal,15 generations of full-sib inbreeding,full-sib mating,527008935,UNIVERSITY OF FLORIDA,S. V. Nuzhdin,2013,public,"fastq,sra","gs,ncbi,s3","gs.US,ncbi.public,s3.us-east-1",adult,SRX1799116,USA,North America,"USA: California\, Zuma",Standard laboratory methods on cornmeal and molasses medium,Illumina HiSeq 2500,Sz252,SINGLE,RANDOM,GENOMIC,Drosophila simulans,ILLUMINA,2016-10-13T00:00:00Z,Sz252,DNA,female,SRP075682,Sz252,whole body
SRR3585396,WGS,110,1390053390,Nuzhdin Lab,PRJNA318623,SAMN05157362,Model organism or animal,15 generations of full-sib inbreeding,full-sib mating,598016573,UNIVERSITY OF FLORIDA,S. V. Nuzhdin,2013,public,"fastq,sra","gs,ncbi,s3","gs.US,ncbi.public,s3.us-east-1",adult,SRX1799117,USA,North America,"USA: California\, Zuma",Standard laboratory methods on cornmeal and molasses medium,Illumina HiSeq 2500,Sz253,SINGLE,RANDOM,GENOMIC,Drosophila simulans,ILLUMINA,2016-10-13T00:00:00Z,Sz253,DNA,female,SRP075682,Sz253,whole body
SRR3585397,WGS,110,1639928400,Nuzhdin Lab,PRJNA318623,SAMN05157264,Model organism or animal,15 generations of full-sib inbreeding,full-sib mating,702095175,UNIVERSITY OF FLORIDA,S. V. Nuzhdin,2013,public,"fastq,sra","gs,ncbi,s3","gs.US,ncbi.public,s3.us-east-1",adult,SRX1799118,USA,North America,"USA: California\, Zuma",Standard laboratory methods on cornmeal and molasses medium,Illumina HiSeq 2500,Sz12,SINGLE,RANDOM,GENOMIC,Drosophila simulans,ILLUMINA,2016-10-13T00:00:00Z,Sz12,DNA,female,SRP075682,Sz12,whole body
SRR3585398,WGS,110,1629765940,Nuzhdin Lab,PRJNA318623,SAMN05157363,Model organism or animal,15 generations of full-sib inbreeding,full-sib mating,791256002,UNIVERSITY OF FLORIDA,S. V. Nuzhdin,2013,public,"fastq,sra","gs,ncbi,s3","gs.US,ncbi.public,s3.us-east-1",adult,SRX1799119,USA,North America,"USA: California\, Zuma",Standard laboratory methods on cornmeal and molasses medium,Illumina HiSeq 2500,Sz254,SINGLE,RANDOM,GENOMIC,Drosophila simulans,ILLUMINA,2016-10-13T00:00:00Z,Sz254,DNA,female,SRP075682,Sz254,whole body
SRR3585399,WGS,110,2009662930,Nuzhdin Lab,PRJNA318623,SAMN05157364,Model organism or animal,15 generations of full-sib inbreeding,full-sib mating,864745975,UNIVERSITY OF FLORIDA,S. V. Nuzhdin,2013,public,"fastq,sra","gs,ncbi,s3","gs.US,ncbi.public,s3.us-east-1",adult,SRX1799120,USA,North America,"USA: California\, Zuma",Standard laboratory methods on cornmeal and molasses medium,Illumina HiSeq 2500,Sz257,SINGLE,RANDOM,GENOMIC,Drosophila simulans,ILLUMINA,2016-10-13T00:00:00Z,Sz257,DNA,female,SRP075682,Sz257,whole body
SRR3585400,WGS,110,922772180,Nuzhdin Lab,PRJNA318623,SAMN05157365,Model organism or animal,15 generations of full-sib inbreeding,full-sib mating,401651806,UNIVERSITY OF FLORIDA,S. V. Nuzhdin,2013,public,"fastq,sra","gs,ncbi,s3","gs.US,ncbi.public,s3.us-east-1",adult,SRX1799121,USA,North America,"USA: California\, Zuma",Standard laboratory methods on cornmeal and molasses medium,Illumina HiSeq 2500,Sz259,SINGLE,RANDOM,GENOMIC,Drosophila simulans,ILLUMINA,2016-10-13T00:00:00Z,Sz259,DNA,female,SRP075682,Sz259,whole body
SRR3585401,WGS,110,2467796980,Nuzhdin Lab,PRJNA318623,SAMN05157366,Model organism or animal,15 generations of full-sib inbreeding,full-sib mating,1191707980,UNIVERSITY OF FLORIDA,S. V. Nuzhdin,2013,public,"fastq,sra","gs,ncbi,s3","gs.US,ncbi.public,s3.us-east-1",adult,SRX1799122,USA,North America,"USA: California\, Zuma",Standard laboratory methods on cornmeal and molasses medium,Illumina HiSeq 2500,Sz26,SINGLE,RANDOM,GENOMIC,Drosophila simulans,ILLUMINA,2016-10-13T00:00:00Z,Sz26,DNA,female,SRP075682,Sz26,whole body
SRR3585402,WGS,110,1043680220,Nuzhdin Lab,PRJNA318623,SAMN05157367,Model organism or animal,15 generations of full-sib inbreeding,full-sib mating,456110332,UNIVERSITY OF FLORIDA,S. V. Nuzhdin,2013,public,"fastq,sra","gs,ncbi,s3","gs.US,ncbi.public,s3.us-east-1",adult,SRX1799123,USA,North America,"USA: California\, Zuma",Standard laboratory methods on cornmeal and molasses medium,Illumina HiSeq 2500,Sz261,SINGLE,RANDOM,GENOMIC,Drosophila simulans,ILLUMINA,2016-10-13T00:00:00Z,Sz261,DNA,female,SRP075682,Sz261,whole body
SRR3585403,WGS,110,1455311550,Nuzhdin Lab,PRJNA318623,SAMN05157368,Model organism or animal,15 generations of full-sib inbreeding,full-sib mating,705292883,UNIVERSITY OF FLORIDA,S. V. Nuzhdin,2013,public,"fastq,sra","gs,ncbi,s3","gs.US,ncbi.public,s3.us-east-1",adult,SRX1799124,USA,North America,"USA: California\, Zuma",Standard laboratory methods on cornmeal and molasses medium,Illumina HiSeq 2500,Sz262,SINGLE,RANDOM,GENOMIC,Drosophila simulans,ILLUMINA,2016-10-13T00:00:00Z,Sz262,DNA,female,SRP075682,Sz262,whole body
SRR3585404,WGS,110,1263109540,Nuzhdin Lab,PRJNA318623,SAMN05157369,Model organism or animal,15 generations of full-sib inbreeding,full-sib mating,543008617,UNIVERSITY OF FLORIDA,S. V. Nuzhdin,2013,public,"fastq,sra","gs,ncbi,s3","gs.US,ncbi.public,s3.us-east-1",adult,SRX1799125,USA,North America,"USA: California\, Zuma",Standard laboratory methods on cornmeal and molasses medium,Illumina HiSeq 2500,Sz265,SINGLE,RANDOM,GENOMIC,Drosophila simulans,ILLUMINA,2016-10-13T00:00:00Z,Sz265,DNA,female,SRP075682,Sz265,whole body
SRR3585405,WGS,110,1439546900,Nuzhdin Lab,PRJNA318623,SAMN05157370,Model organism or animal,15 generations of full-sib inbreeding,full-sib mating,621748063,UNIVERSITY OF FLORIDA,S. V. Nuzhdin,2013,public,"fastq,sra","gs,ncbi,s3","gs.US,ncbi.public,s3.us-east-1",adult,SRX1799126,USA,North America,"USA: California\, Zuma",Standard laboratory methods on cornmeal and molasses medium,Illumina HiSeq 2500,Sz266,SINGLE,RANDOM,GENOMIC,Drosophila simulans,ILLUMINA,2016-10-13T00:00:00Z,Sz266,DNA,female,SRP075682,Sz266,whole body
SRR3585406,WGS,110,1957874930,Nuzhdin Lab,PRJNA318623,SAMN05157371,Model organism or animal,15 generations of full-sib inbreeding,full-sib mating,842067349,UNIVERSITY OF FLORIDA,S. V. Nuzhdin,2013,public,"fastq,sra","gs,ncbi,s3","gs.US,ncbi.public,s3.us-east-1",adult,SRX1799127,USA,North America,"USA: California\, Zuma",Standard laboratory methods on cornmeal and molasses medium,Illumina HiSeq 2500,Sz267,SINGLE,RANDOM,GENOMIC,Drosophila simulans,ILLUMINA,2016-10-13T00:00:00Z,Sz267,DNA,female,SRP075682,Sz267,whole body
SRR3585407,WGS,110,1791515550,Nuzhdin Lab,PRJNA318623,SAMN05157372,Model organism or animal,15 generations of full-sib inbreeding,full-sib mating,765194103,UNIVERSITY OF FLORIDA,S. V. Nuzhdin,2013,public,"fastq,sra","gs,ncbi,s3","gs.US,ncbi.public,s3.us-east-1",adult,SRX1799128,USA,North America,"USA: California\, Zuma",Standard laboratory methods on cornmeal and molasses medium,Illumina HiSeq 2500,Sz268,SINGLE,RANDOM,GENOMIC,Drosophila simulans,ILLUMINA,2016-10-13T00:00:00Z,Sz268,DNA,female,SRP075682,Sz268,whole body
SRR3585408,WGS,110,2390771570,Nuzhdin Lab,PRJNA318623,SAMN05157265,Model organism or animal,15 generations of full-sib inbreeding,full-sib mating,1031884029,UNIVERSITY OF FLORIDA,S. V. Nuzhdin,2013,public,"fastq,sra","gs,ncbi,s3","gs.US,ncbi.public,s3.us-east-1",adult,SRX1799129,USA,North America,"USA: California\, Zuma",Standard laboratory methods on cornmeal and molasses medium,Illumina HiSeq 2500,Sz120,SINGLE,RANDOM,GENOMIC,Drosophila simulans,ILLUMINA,2016-10-13T00:00:00Z,Sz120,DNA,female,SRP075682,Sz120,whole body
SRR3585409,WGS,110,1907633420,Nuzhdin Lab,PRJNA318623,SAMN05157373,Model organism or animal,15 generations of full-sib inbreeding,full-sib mating,924470197,UNIVERSITY OF FLORIDA,S. V. Nuzhdin,2013,public,"fastq,sra","gs,ncbi,s3","gs.US,ncbi.public,s3.us-east-1",adult,SRX1799130,USA,North America,"USA: California\, Zuma",Standard laboratory methods on cornmeal and molasses medium,Illumina HiSeq 2500,Sz27,SINGLE,RANDOM,GENOMIC,Drosophila simulans,ILLUMINA,2016-10-13T00:00:00Z,Sz27,DNA,female,SRP075682,Sz27,whole body
SRR3585410,WGS,110,1096344040,Nuzhdin Lab,PRJNA318623,SAMN05157374,Model organism or animal,15 generations of full-sib inbreeding,full-sib mating,475753941,UNIVERSITY OF FLORIDA,S. V. Nuzhdin,2013,public,"fastq,sra","gs,ncbi,s3","gs.US,ncbi.public,s3.us-east-1",adult,SRX1799131,USA,North America,"USA: California\, Zuma",Standard laboratory methods on cornmeal and molasses medium,Illumina HiSeq 2500,Sz270,SINGLE,RANDOM,GENOMIC,Drosophila simulans,ILLUMINA,2016-10-13T00:00:00Z,Sz270,DNA,female,SRP075682,Sz270,whole body
SRR3585411,WGS,110,1984144910,Nuzhdin Lab,PRJNA318623,SAMN05157375,Model organism or animal,15 generations of full-sib inbreeding,full-sib mating,957512199,UNIVERSITY OF FLORIDA,S. V. Nuzhdin,2013,public,"fastq,sra","gs,ncbi,s3","gs.US,ncbi.public,s3.us-east-1",adult,SRX1799132,USA,North America,"USA: California\, Zuma",Standard laboratory methods on cornmeal and molasses medium,Illumina HiSeq 2500,Sz271,SINGLE,RANDOM,GENOMIC,Drosophila simulans,ILLUMINA,2016-10-13T00:00:00Z,Sz271,DNA,female,SRP075682,Sz271,whole body
SRR3585412,WGS,110,1063092360,Nuzhdin Lab,PRJNA318623,SAMN05157376,Model organism or animal,15 generations of full-sib inbreeding,full-sib mating,457188574,UNIVERSITY OF FLORIDA,S. V. Nuzhdin,2013,public,"fastq,sra","gs,ncbi,s3","gs.US,ncbi.public,s3.us-east-1",adult,SRX1799133,USA,North America,"USA: California\, Zuma",Standard laboratory methods on cornmeal and molasses medium,Illumina HiSeq 2500,Sz272,SINGLE,RANDOM,GENOMIC,Drosophila simulans,ILLUMINA,2016-10-13T00:00:00Z,Sz272,DNA,female,SRP075682,Sz272,whole body
SRR3585413,WGS,110,829408580,Nuzhdin Lab,PRJNA318623,SAMN05157377,Model organism or animal,15 generations of full-sib inbreeding,full-sib mating,361568143,UNIVERSITY OF FLORIDA,S. V. Nuzhdin,2013,public,"fastq,sra","gs,ncbi,s3","gs.US,ncbi.public,s3.us-east-1",adult,SRX1799134,USA,North America,"USA: California\, Zuma",Standard laboratory methods on cornmeal and molasses medium,Illumina HiSeq 2500,Sz274,SINGLE,RANDOM,GENOMIC,Drosophila simulans,ILLUMINA,2016-10-13T00:00:00Z,Sz274,DNA,female,SRP075682,Sz274,whole body
SRR3585414,WGS,110,850365230,Nuzhdin Lab,PRJNA318623,SAMN05157378,Model organism or animal,15 generations of full-sib inbreeding,full-sib mating,369740541,UNIVERSITY OF FLORIDA,S. V. Nuzhdin,2013,public,"fastq,sra","gs,ncbi,s3","gs.US,ncbi.public,s3.us-east-1",adult,SRX1799135,USA,North America,"USA: California\, Zuma",Standard laboratory methods on cornmeal and molasses medium,Illumina HiSeq 2500,Sz275,SINGLE,RANDOM,GENOMIC,Drosophila simulans,ILLUMINA,2016-10-13T00:00:00Z,Sz275,DNA,female,SRP075682,Sz275,whole body
SRR3585415,WGS,110,1234466200,Nuzhdin Lab,PRJNA318623,SAMN05157379,Model organism or animal,15 generations of full-sib inbreeding,full-sib mating,597533926,UNIVERSITY OF FLORIDA,S. V. Nuzhdin,2013,public,"fastq,sra","gs,ncbi,s3","gs.US,ncbi.public,s3.us-east-1",adult,SRX1799136,USA,North America,"USA: California\, Zuma",Standard laboratory methods on cornmeal and molasses medium,Illumina HiSeq 2500,Sz281,SINGLE,RANDOM,GENOMIC,Drosophila simulans,ILLUMINA,2016-10-13T00:00:00Z,Sz281,DNA,female,SRP075682,Sz281,whole body
SRR3585416,WGS,110,2028005320,Nuzhdin Lab,PRJNA318623,SAMN05157380,Model organism or animal,15 generations of full-sib inbreeding,full-sib mating,873672454,UNIVERSITY OF FLORIDA,S. V. Nuzhdin,2013,public,"fastq,sra","gs,ncbi,s3","gs.US,ncbi.public,s3.us-east-1",adult,SRX1799137,USA,North America,"USA: California\, Zuma",Standard laboratory methods on cornmeal and molasses medium,Illumina HiSeq 2500,Sz282,SINGLE,RANDOM,GENOMIC,Drosophila simulans,ILLUMINA,2016-10-13T00:00:00Z,Sz282,DNA,female,SRP075682,Sz282,whole body
SRR3585417,WGS,110,2837094260,Nuzhdin Lab,PRJNA318623,SAMN05157381,Model organism or animal,15 generations of full-sib inbreeding,full-sib mating,1368549573,UNIVERSITY OF FLORIDA,S. V. Nuzhdin,2013,public,"fastq,sra","gs,ncbi,s3","gs.US,ncbi.public,s3.us-east-1",adult,SRX1799138,USA,North America,"USA: California\, Zuma",Standard laboratory methods on cornmeal and molasses medium,Illumina HiSeq 2500,Sz285,SINGLE,RANDOM,GENOMIC,Drosophila simulans,ILLUMINA,2016-10-13T00:00:00Z,Sz285,DNA,female,SRP075682,Sz285,whole body
SRR3585418,WGS,110,3972210,Nuzhdin Lab,PRJNA318623,SAMN05157382,Model organism or animal,15 generations of full-sib inbreeding,full-sib mating,1774560,UNIVERSITY OF FLORIDA,S. V. Nuzhdin,2013,public,"fastq,sra","gs,ncbi,s3","gs.US,ncbi.public,s3.us-east-1",adult,SRX1799139,USA,North America,"USA: California\, Zuma",Standard laboratory methods on cornmeal and molasses medium,Illumina HiSeq 2500,Sz286,SINGLE,RANDOM,GENOMIC,Drosophila simulans,ILLUMINA,2016-10-13T00:00:00Z,Sz286,DNA,female,SRP075682,Sz286,whole body
SRR3585419,WGS,110,2699180,Nuzhdin Lab,PRJNA318623,SAMN05157266,Model organism or animal,15 generations of full-sib inbreeding,full-sib mating,1243717,UNIVERSITY OF FLORIDA,S. V. Nuzhdin,2013,public,"fastq,sra","gs,ncbi,s3","gs.US,ncbi.public,s3.us-east-1",adult,SRX1799140,USA,North America,"USA: California\, Zuma",Standard laboratory methods on cornmeal and molasses medium,Illumina HiSeq 2500,Sz121,SINGLE,RANDOM,GENOMIC,Drosophila simulans,ILLUMINA,2016-10-13T00:00:00Z,Sz121,DNA,female,SRP075682,Sz121,whole body
SRR3585420,WGS,110,1148904240,Nuzhdin Lab,PRJNA318623,SAMN05157383,Model organism or animal,15 generations of full-sib inbreeding,full-sib mating,556941337,UNIVERSITY OF FLORIDA,S. V. Nuzhdin,2013,public,"fastq,sra","gs,ncbi,s3","gs.US,ncbi.public,s3.us-east-1",adult,SRX1799141,USA,North America,"USA: California\, Zuma",Standard laboratory methods on cornmeal and molasses medium,Illumina HiSeq 2500,Sz287,SINGLE,RANDOM,GENOMIC,Drosophila simulans,ILLUMINA,2016-10-13T00:00:00Z,Sz287,DNA,female,SRP075682,Sz287,whole body
SRR3585421,WGS,110,973253600,Nuzhdin Lab,PRJNA318623,SAMN05157384,Model organism or animal,15 generations of full-sib inbreeding,full-sib mating,421058642,UNIVERSITY OF FLORIDA,S. V. Nuzhdin,2013,public,"fastq,sra","gs,ncbi,s3","gs.US,ncbi.public,s3.us-east-1",adult,SRX1799142,USA,North America,"USA: California\, Zuma",Standard laboratory methods on cornmeal and molasses medium,Illumina HiSeq 2500,Sz288,SINGLE,RANDOM,GENOMIC,Drosophila simulans,ILLUMINA,2016-10-13T00:00:00Z,Sz288,DNA,female,SRP075682,Sz288,whole body
SRR3585422,WGS,110,752637270,Nuzhdin Lab,PRJNA318623,SAMN05157385,Model organism or animal,15 generations of full-sib inbreeding,full-sib mating,324731616,UNIVERSITY OF FLORIDA,S. V. Nuzhdin,2013,public,"fastq,sra","gs,ncbi,s3","gs.US,ncbi.public,s3.us-east-1",adult,SRX1799143,USA,North America,"USA: California\, Zuma",Standard laboratory methods on cornmeal and molasses medium,Illumina HiSeq 2500,Sz289,SINGLE,RANDOM,GENOMIC,Drosophila simulans,ILLUMINA,2016-10-13T00:00:00Z,Sz289,DNA,female,SRP075682,Sz289,whole body
SRR3585423,WGS,110,1314309040,Nuzhdin Lab,PRJNA318623,SAMN05157386,Model organism or animal,15 generations of full-sib inbreeding,full-sib mating,635904735,UNIVERSITY OF FLORIDA,S. V. Nuzhdin,2013,public,"fastq,sra","gs,ncbi,s3","gs.US,ncbi.public,s3.us-east-1",adult,SRX1799144,USA,North America,"USA: California\, Zuma",Standard laboratory methods on cornmeal and molasses medium,Illumina HiSeq 2500,Sz29,SINGLE,RANDOM,GENOMIC,Drosophila simulans,ILLUMINA,2016-10-13T00:00:00Z,Sz29,DNA,female,SRP075682,Sz29,whole body
SRR3585424,WGS,110,2084127980,Nuzhdin Lab,PRJNA318623,SAMN05157387,Model organism or animal,15 generations of full-sib inbreeding,full-sib mating,1007365823,UNIVERSITY OF FLORIDA,S. V. Nuzhdin,2013,public,"fastq,sra","gs,ncbi,s3","gs.US,ncbi.public,s3.us-east-1",adult,SRX1799145,USA,North America,"USA: California\, Zuma",Standard laboratory methods on cornmeal and molasses medium,Illumina HiSeq 2500,Sz291,SINGLE,RANDOM,GENOMIC,Drosophila simulans,ILLUMINA,2016-10-13T00:00:00Z,Sz291,DNA,female,SRP075682,Sz291,whole body
SRR3585425,WGS,110,876138340,Nuzhdin Lab,PRJNA318623,SAMN05157388,Model organism or animal,15 generations of full-sib inbreeding,full-sib mating,381584810,UNIVERSITY OF FLORIDA,S. V. Nuzhdin,2013,public,"fastq,sra","gs,ncbi,s3","gs.US,ncbi.public,s3.us-east-1",adult,SRX1799146,USA,North America,"USA: California\, Zuma",Standard laboratory methods on cornmeal and molasses medium,Illumina HiSeq 2500,Sz293,SINGLE,RANDOM,GENOMIC,Drosophila simulans,ILLUMINA,2016-10-13T00:00:00Z,Sz293,DNA,female,SRP075682,Sz293,whole body
SRR3585426,WGS,110,2637020870,Nuzhdin Lab,PRJNA318623,SAMN05157389,Model organism or animal,15 generations of full-sib inbreeding,full-sib mating,1277553263,UNIVERSITY OF FLORIDA,S. V. Nuzhdin,2013,public,"fastq,sra","gs,ncbi,s3","gs.US,ncbi.public,s3.us-east-1",adult,SRX1799147,USA,North America,"USA: California\, Zuma",Standard laboratory methods on cornmeal and molasses medium,Illumina HiSeq 2500,Sz298,SINGLE,RANDOM,GENOMIC,Drosophila simulans,ILLUMINA,2016-10-13T00:00:00Z,Sz298,DNA,female,SRP075682,Sz298,whole body
SRR3585427,WGS,110,1502356680,Nuzhdin Lab,PRJNA318623,SAMN05157390,Model organism or animal,15 generations of full-sib inbreeding,full-sib mating,731488042,UNIVERSITY OF FLORIDA,S. V. Nuzhdin,2013,public,"fastq,sra","gs,ncbi,s3","gs.US,ncbi.public,s3.us-east-1",adult,SRX1799148,USA,North America,"USA: California\, Zuma",Standard laboratory methods on cornmeal and molasses medium,Illumina HiSeq 2500,Sz299,SINGLE,RANDOM,GENOMIC,Drosophila simulans,ILLUMINA,2016-10-13T00:00:00Z,Sz299,DNA,female,SRP075682,Sz299,whole body
SRR3585428,WGS,110,502814070,Nuzhdin Lab,PRJNA318623,SAMN05157391,Model organism or animal,15 generations of full-sib inbreeding,full-sib mating,218874791,UNIVERSITY OF FLORIDA,S. V. Nuzhdin,2013,public,"fastq,sra","gs,ncbi,s3","gs.US,ncbi.public,s3.us-east-1",adult,SRX1799149,USA,North America,"USA: California\, Zuma",Standard laboratory methods on cornmeal and molasses medium,Illumina HiSeq 2500,Sz3,SINGLE,RANDOM,GENOMIC,Drosophila simulans,ILLUMINA,2016-10-13T00:00:00Z,Sz3,DNA,female,SRP075682,Sz3,whole body
SRR3585429,WGS,110,1073793710,Nuzhdin Lab,PRJNA318623,SAMN05157392,Model organism or animal,15 generations of full-sib inbreeding,full-sib mating,517938659,UNIVERSITY OF FLORIDA,S. V. Nuzhdin,2013,public,"fastq,sra","gs,ncbi,s3","gs.US,ncbi.public,s3.us-east-1",adult,SRX1799150,USA,North America,"USA: California\, Zuma",Standard laboratory methods on cornmeal and molasses medium,Illumina HiSeq 2500,Sz30,SINGLE,RANDOM,GENOMIC,Drosophila simulans,ILLUMINA,2016-10-13T00:00:00Z,Sz30,DNA,female,SRP075682,Sz30,whole body
SRR3585430,WGS,110,1856768430,Nuzhdin Lab,PRJNA318623,SAMN05157267,Model organism or animal,15 generations of full-sib inbreeding,full-sib mating,795781918,UNIVERSITY OF FLORIDA,S. V. Nuzhdin,2013,public,"fastq,sra","gs,ncbi,s3","gs.US,ncbi.public,s3.us-east-1",adult,SRX1799151,USA,North America,"USA: California\, Zuma",Standard laboratory methods on cornmeal and molasses medium,Illumina HiSeq 2500,Sz123,SINGLE,RANDOM,GENOMIC,Drosophila simulans,ILLUMINA,2016-10-13T00:00:00Z,Sz123,DNA,female,SRP075682,Sz123,whole body
SRR3585431,WGS,110,2643864740,Nuzhdin Lab,PRJNA318623,SAMN05157393,Model organism or animal,15 generations of full-sib inbreeding,full-sib mating,1137265957,UNIVERSITY OF FLORIDA,S. V. Nuzhdin,2013,public,"fastq,sra","gs,ncbi,s3","gs.US,ncbi.public,s3.us-east-1",adult,SRX1799152,USA,North America,"USA: California\, Zuma",Standard laboratory methods on cornmeal and molasses medium,Illumina HiSeq 2500,Sz31,SINGLE,RANDOM,GENOMIC,Drosophila simulans,ILLUMINA,2016-10-13T00:00:00Z,Sz31,DNA,female,SRP075682,Sz31,whole body
SRR3585432,WGS,110,1666546970,Nuzhdin Lab,PRJNA318623,SAMN05157394,Model organism or animal,15 generations of full-sib inbreeding,full-sib mating,716828773,UNIVERSITY OF FLORIDA,S. V. Nuzhdin,2013,public,"fastq,sra","gs,ncbi,s3","gs.US,ncbi.public,s3.us-east-1",adult,SRX1799153,USA,North America,"USA: California\, Zuma",Standard laboratory methods on cornmeal and molasses medium,Illumina HiSeq 2500,Sz33,SINGLE,RANDOM,GENOMIC,Drosophila simulans,ILLUMINA,2016-10-13T00:00:00Z,Sz33,DNA,female,SRP075682,Sz33,whole body
SRR3585433,WGS,110,1008320170,Nuzhdin Lab,PRJNA318623,SAMN05157395,Model organism or animal,15 generations of full-sib inbreeding,full-sib mating,436859037,UNIVERSITY OF FLORIDA,S. V. Nuzhdin,2013,public,"fastq,sra","gs,ncbi,s3","gs.US,ncbi.public,s3.us-east-1",adult,SRX1799154,USA,North America,"USA: California\, Zuma",Standard laboratory methods on cornmeal and molasses medium,Illumina HiSeq 2500,Sz35,SINGLE,RANDOM,GENOMIC,Drosophila simulans,ILLUMINA,2016-10-13T00:00:00Z,Sz35,DNA,female,SRP075682,Sz35,whole body
SRR3585434,WGS,110,1382803620,Nuzhdin Lab,PRJNA318623,SAMN05157396,Model organism or animal,15 generations of full-sib inbreeding,full-sib mating,671603939,UNIVERSITY OF FLORIDA,S. V. Nuzhdin,2013,public,"fastq,sra","gs,ncbi,s3","gs.US,ncbi.public,s3.us-east-1",adult,SRX1799155,USA,North America,"USA: California\, Zuma",Standard laboratory methods on cornmeal and molasses medium,Illumina HiSeq 2500,Sz37,SINGLE,RANDOM,GENOMIC,Drosophila simulans,ILLUMINA,2016-10-13T00:00:00Z,Sz37,DNA,female,SRP075682,Sz37,whole body
SRR3585435,WGS,110,1166852940,Nuzhdin Lab,PRJNA318623,SAMN05157397,Model organism or animal,15 generations of full-sib inbreeding,full-sib mating,500388872,UNIVERSITY OF FLORIDA,S. V. Nuzhdin,2013,public,"fastq,sra","gs,ncbi,s3","gs.US,ncbi.public,s3.us-east-1",adult,SRX1799156,USA,North America,"USA: California\, Zuma",Standard laboratory methods on cornmeal and molasses medium,Illumina HiSeq 2500,Sz39,SINGLE,RANDOM,GENOMIC,Drosophila simulans,ILLUMINA,2016-10-13T00:00:00Z,Sz39,DNA,female,SRP075682,Sz39,whole body
SRR3585436,WGS,110,3307937930,Nuzhdin Lab,PRJNA318623,SAMN05157398,Model organism or animal,15 generations of full-sib inbreeding,full-sib mating,1409994374,UNIVERSITY OF FLORIDA,S. V. Nuzhdin,2013,public,"fastq,sra","gs,ncbi,s3","gs.US,ncbi.public,s3.us-east-1",adult,SRX1799157,USA,North America,"USA: California\, Zuma",Standard laboratory methods on cornmeal and molasses medium,Illumina HiSeq 2500,Sz4,SINGLE,RANDOM,GENOMIC,Drosophila simulans,ILLUMINA,2016-10-13T00:00:00Z,Sz4,DNA,female,SRP075682,Sz4,whole body
SRR3585437,WGS,110,1491751580,Nuzhdin Lab,PRJNA318623,SAMN05157399,Model organism or animal,15 generations of full-sib inbreeding,full-sib mating,726317299,UNIVERSITY OF FLORIDA,S. V. Nuzhdin,2013,public,"fastq,sra","gs,ncbi,s3","gs.US,ncbi.public,s3.us-east-1",adult,SRX1799158,USA,North America,"USA: California\, Zuma",Standard laboratory methods on cornmeal and molasses medium,Illumina HiSeq 2500,Sz40,SINGLE,RANDOM,GENOMIC,Drosophila simulans,ILLUMINA,2016-10-13T00:00:00Z,Sz40,DNA,female,SRP075682,Sz40,whole body
SRR3585438,WGS,110,1980225610,Nuzhdin Lab,PRJNA318623,SAMN05157400,Model organism or animal,15 generations of full-sib inbreeding,full-sib mating,857844828,UNIVERSITY OF FLORIDA,S. V. Nuzhdin,2013,public,"fastq,sra","gs,ncbi,s3","gs.US,ncbi.public,s3.us-east-1",adult,SRX1799159,USA,North America,"USA: California\, Zuma",Standard laboratory methods on cornmeal and molasses medium,Illumina HiSeq 2500,Sz41,SINGLE,RANDOM,GENOMIC,Drosophila simulans,ILLUMINA,2016-10-13T00:00:00Z,Sz41,DNA,female,SRP075682,Sz41,whole body
SRR3585439,WGS,110,1181033920,Nuzhdin Lab,PRJNA318623,SAMN05157401,Model organism or animal,15 generations of full-sib inbreeding,full-sib mating,571120941,UNIVERSITY OF FLORIDA,S. V. Nuzhdin,2013,public,"fastq,sra","gs,ncbi,s3","gs.US,ncbi.public,s3.us-east-1",adult,SRX1799160,USA,North America,"USA: California\, Zuma",Standard laboratory methods on cornmeal and molasses medium,Illumina HiSeq 2500,Sz43,SINGLE,RANDOM,GENOMIC,Drosophila simulans,ILLUMINA,2016-10-13T00:00:00Z,Sz43,DNA,female,SRP075682,Sz43,whole body
SRR3585440,WGS,110,2228217750,Nuzhdin Lab,PRJNA318623,SAMN05157402,Model organism or animal,15 generations of full-sib inbreeding,full-sib mating,1078000134,UNIVERSITY OF FLORIDA,S. V. Nuzhdin,2013,public,"fastq,sra","gs,ncbi,s3","gs.US,ncbi.public,s3.us-east-1",adult,SRX1799161,USA,North America,"USA: California\, Zuma",Standard laboratory methods on cornmeal and molasses medium,Illumina HiSeq 2500,Sz45,SINGLE,RANDOM,GENOMIC,Drosophila simulans,ILLUMINA,2016-10-13T00:00:00Z,Sz45,DNA,female,SRP075682,Sz45,whole body
SRR3585441,WGS,110,994696010,Nuzhdin Lab,PRJNA318623,SAMN05157268,Model organism or animal,15 generations of full-sib inbreeding,full-sib mating,432397678,UNIVERSITY OF FLORIDA,S. V. Nuzhdin,2013,public,"fastq,sra","gs,ncbi,s3","gs.US,ncbi.public,s3.us-east-1",adult,SRX1799162,USA,North America,"USA: California\, Zuma",Standard laboratory methods on cornmeal and molasses medium,Illumina HiSeq 2500,Sz124,SINGLE,RANDOM,GENOMIC,Drosophila simulans,ILLUMINA,2016-10-13T00:00:00Z,Sz124,DNA,female,SRP075682,Sz124,whole body
SRR3585442,WGS,110,2189450010,Nuzhdin Lab,PRJNA318623,SAMN05157403,Model organism or animal,15 generations of full-sib inbreeding,full-sib mating,1056757973,UNIVERSITY OF FLORIDA,S. V. Nuzhdin,2013,public,"fastq,sra","gs,ncbi,s3","gs.US,ncbi.public,s3.us-east-1",adult,SRX1799163,USA,North America,"USA: California\, Zuma",Standard laboratory methods on cornmeal and molasses medium,Illumina HiSeq 2500,Sz46,SINGLE,RANDOM,GENOMIC,Drosophila simulans,ILLUMINA,2016-10-13T00:00:00Z,Sz46,DNA,female,SRP075682,Sz46,whole body
SRR3585443,WGS,110,2090237930,Nuzhdin Lab,PRJNA318623,SAMN05157404,Model organism or animal,15 generations of full-sib inbreeding,full-sib mating,1013025302,UNIVERSITY OF FLORIDA,S. V. Nuzhdin,2013,public,"fastq,sra","gs,ncbi,s3","gs.US,ncbi.public,s3.us-east-1",adult,SRX1799164,USA,North America,"USA: California\, Zuma",Standard laboratory methods on cornmeal and molasses medium,Illumina HiSeq 2500,Sz47,SINGLE,RANDOM,GENOMIC,Drosophila simulans,ILLUMINA,2016-10-13T00:00:00Z,Sz47,DNA,female,SRP075682,Sz47,whole body
SRR3585444,WGS,110,1373384540,Nuzhdin Lab,PRJNA318623,SAMN05157405,Model organism or animal,15 generations of full-sib inbreeding,full-sib mating,593598386,UNIVERSITY OF FLORIDA,S. V. Nuzhdin,2013,public,"fastq,sra","gs,ncbi,s3","gs.US,ncbi.public,s3.us-east-1",adult,SRX1799165,USA,North America,"USA: California\, Zuma",Standard laboratory methods on cornmeal and molasses medium,Illumina HiSeq 2500,Sz48,SINGLE,RANDOM,GENOMIC,Drosophila simulans,ILLUMINA,2016-10-13T00:00:00Z,Sz48,DNA,female,SRP075682,Sz48,whole body
SRR3585445,WGS,110,1061187380,Nuzhdin Lab,PRJNA318623,SAMN05157406,Model organism or animal,15 generations of full-sib inbreeding,full-sib mating,514135244,UNIVERSITY OF FLORIDA,S. V. Nuzhdin,2013,public,"fastq,sra","gs,ncbi,s3","gs.US,ncbi.public,s3.us-east-1",adult,SRX1799166,USA,North America,"USA: California\, Zuma",Standard laboratory methods on cornmeal and molasses medium,Illumina HiSeq 2500,Sz49,SINGLE,RANDOM,GENOMIC,Drosophila simulans,ILLUMINA,2016-10-13T00:00:00Z,Sz49,DNA,female,SRP075682,Sz49,whole body
SRR3585446,WGS,110,1387649780,Nuzhdin Lab,PRJNA318623,SAMN05157407,Model organism or animal,15 generations of full-sib inbreeding,full-sib mating,670591662,UNIVERSITY OF FLORIDA,S. V. Nuzhdin,2013,public,"fastq,sra","gs,ncbi,s3","gs.US,ncbi.public,s3.us-east-1",adult,SRX1799167,USA,North America,"USA: California\, Zuma",Standard laboratory methods on cornmeal and molasses medium,Illumina HiSeq 2500,Sz5,SINGLE,RANDOM,GENOMIC,Drosophila simulans,ILLUMINA,2016-10-13T00:00:00Z,Sz5,DNA,female,SRP075682,Sz5,whole body
SRR3585447,WGS,110,2060640560,Nuzhdin Lab,PRJNA318623,SAMN05157408,Model organism or animal,15 generations of full-sib inbreeding,full-sib mating,995269459,UNIVERSITY OF FLORIDA,S. V. Nuzhdin,2013,public,"fastq,sra","gs,ncbi,s3","gs.US,ncbi.public,s3.us-east-1",adult,SRX1799168,USA,North America,"USA: California\, Zuma",Standard laboratory methods on cornmeal and molasses medium,Illumina HiSeq 2500,Sz52,SINGLE,RANDOM,GENOMIC,Drosophila simulans,ILLUMINA,2016-10-13T00:00:00Z,Sz52,DNA,female,SRP075682,Sz52,whole body
SRR3585448,WGS,110,1162494740,Nuzhdin Lab,PRJNA318623,SAMN05157409,Model organism or animal,15 generations of full-sib inbreeding,full-sib mating,562072116,UNIVERSITY OF FLORIDA,S. V. Nuzhdin,2013,public,"fastq,sra","gs,ncbi,s3","gs.US,ncbi.public,s3.us-east-1",adult,SRX1799169,USA,North America,"USA: California\, Zuma",Standard laboratory methods on cornmeal and molasses medium,Illumina HiSeq 2500,Sz53,SINGLE,RANDOM,GENOMIC,Drosophila simulans,ILLUMINA,2016-10-13T00:00:00Z,Sz53,DNA,female,SRP075682,Sz53,whole body
SRR3585449,WGS,110,2642484790,Nuzhdin Lab,PRJNA318623,SAMN05157410,Model organism or animal,15 generations of full-sib inbreeding,full-sib mating,1231441724,UNIVERSITY OF FLORIDA,S. V. Nuzhdin,2013,public,"fastq,sra","gs,ncbi,s3","gs.US,ncbi.public,s3.us-east-1",adult,SRX1799170,USA,North America,"USA: California\, Zuma",Standard laboratory methods on cornmeal and molasses medium,Illumina HiSeq 2500,Sz54,SINGLE,RANDOM,GENOMIC,Drosophila simulans,ILLUMINA,2016-10-13T00:00:00Z,Sz54,DNA,female,SRP075682,Sz54,whole body
SRR3585450,WGS,110,2910895130,Nuzhdin Lab,PRJNA318623,SAMN05157411,Model organism or animal,15 generations of full-sib inbreeding,full-sib mating,1409490855,UNIVERSITY OF FLORIDA,S. V. Nuzhdin,2013,public,"fastq,sra","gs,ncbi,s3","gs.US,ncbi.public,s3.us-east-1",adult,SRX1799171,USA,North America,"USA: California\, Zuma",Standard laboratory methods on cornmeal and molasses medium,Illumina HiSeq 2500,Sz56,SINGLE,RANDOM,GENOMIC,Drosophila simulans,ILLUMINA,2016-10-13T00:00:00Z,Sz56,DNA,female,SRP075682,Sz56,whole body
SRR3585451,WGS,110,1210536580,Nuzhdin Lab,PRJNA318623,SAMN05157412,Model organism or animal,15 generations of full-sib inbreeding,full-sib mating,585513512,UNIVERSITY OF FLORIDA,S. V. Nuzhdin,2013,public,"fastq,sra","gs,ncbi,s3","gs.US,ncbi.public,s3.us-east-1",adult,SRX1799172,USA,North America,"USA: California\, Zuma",Standard laboratory methods on cornmeal and molasses medium,Illumina HiSeq 2500,Sz57,SINGLE,RANDOM,GENOMIC,Drosophila simulans,ILLUMINA,2016-10-13T00:00:00Z,Sz57,DNA,female,SRP075682,Sz57,whole body
SRR3585452,WGS,110,2557347100,Nuzhdin Lab,PRJNA318623,SAMN05157269,Model organism or animal,15 generations of full-sib inbreeding,full-sib mating,1100476287,UNIVERSITY OF FLORIDA,S. V. Nuzhdin,2013,public,"fastq,sra","gs,ncbi,s3","gs.US,ncbi.public,s3.us-east-1",adult,SRX1799173,USA,North America,"USA: California\, Zuma",Standard laboratory methods on cornmeal and molasses medium,Illumina HiSeq 2500,Sz125,SINGLE,RANDOM,GENOMIC,Drosophila simulans,ILLUMINA,2016-10-13T00:00:00Z,Sz125,DNA,female,SRP075682,Sz125,whole body
SRR3585453,WGS,110,1233888700,Nuzhdin Lab,PRJNA318623,SAMN05157413,Model organism or animal,15 generations of full-sib inbreeding,full-sib mating,597632429,UNIVERSITY OF FLORIDA,S. V. Nuzhdin,2013,public,"fastq,sra","gs,ncbi,s3","gs.US,ncbi.public,s3.us-east-1",adult,SRX1799174,USA,North America,"USA: California\, Zuma",Standard laboratory methods on cornmeal and molasses medium,Illumina HiSeq 2500,Sz58,SINGLE,RANDOM,GENOMIC,Drosophila simulans,ILLUMINA,2016-10-13T00:00:00Z,Sz58,DNA,female,SRP075682,Sz58,whole body
SRR3585454,WGS,110,766942770,Nuzhdin Lab,PRJNA318623,SAMN05157414,Model organism or animal,15 generations of full-sib inbreeding,full-sib mating,331717290,UNIVERSITY OF FLORIDA,S. V. Nuzhdin,2013,public,"fastq,sra","gs,ncbi,s3","gs.US,ncbi.public,s3.us-east-1",adult,SRX1799175,USA,North America,"USA: California\, Zuma",Standard laboratory methods on cornmeal and molasses medium,Illumina HiSeq 2500,Sz6,SINGLE,RANDOM,GENOMIC,Drosophila simulans,ILLUMINA,2016-10-13T00:00:00Z,Sz6,DNA,female,SRP075682,Sz6,whole body
SRR3585455,WGS,110,2061062850,Nuzhdin Lab,PRJNA318623,SAMN05157415,Model organism or animal,15 generations of full-sib inbreeding,full-sib mating,992521827,UNIVERSITY OF FLORIDA,S. V. Nuzhdin,2013,public,"fastq,sra","gs,ncbi,s3","gs.US,ncbi.public,s3.us-east-1",adult,SRX1799176,USA,North America,"USA: California\, Zuma",Standard laboratory methods on cornmeal and molasses medium,Illumina HiSeq 2500,Sz60,SINGLE,RANDOM,GENOMIC,Drosophila simulans,ILLUMINA,2016-10-13T00:00:00Z,Sz60,DNA,female,SRP075682,Sz60,whole body
SRR3585456,WGS,110,2012954350,Nuzhdin Lab,PRJNA318623,SAMN05157416,Model organism or animal,15 generations of full-sib inbreeding,full-sib mating,974330253,UNIVERSITY OF FLORIDA,S. V. Nuzhdin,2013,public,"fastq,sra","gs,ncbi,s3","gs.US,ncbi.public,s3.us-east-1",adult,SRX1799177,USA,North America,"USA: California\, Zuma",Standard laboratory methods on cornmeal and molasses medium,Illumina HiSeq 2500,Sz62,SINGLE,RANDOM,GENOMIC,Drosophila simulans,ILLUMINA,2016-10-13T00:00:00Z,Sz62,DNA,female,SRP075682,Sz62,whole body
SRR3585457,WGS,110,1403886330,Nuzhdin Lab,PRJNA318623,SAMN05157417,Model organism or animal,15 generations of full-sib inbreeding,full-sib mating,680963048,UNIVERSITY OF FLORIDA,S. V. Nuzhdin,2013,public,"fastq,sra","gs,ncbi,s3","gs.US,ncbi.public,s3.us-east-1",adult,SRX1799178,USA,North America,"USA: California\, Zuma",Standard laboratory methods on cornmeal and molasses medium,Illumina HiSeq 2500,Sz64,SINGLE,RANDOM,GENOMIC,Drosophila simulans,ILLUMINA,2016-10-13T00:00:00Z,Sz64,DNA,female,SRP075682,Sz64,whole body
SRR3585458,WGS,110,1504759850,Nuzhdin Lab,PRJNA318623,SAMN05157418,Model organism or animal,15 generations of full-sib inbreeding,full-sib mating,724237237,UNIVERSITY OF FLORIDA,S. V. Nuzhdin,2013,public,"fastq,sra","gs,ncbi,s3","gs.US,ncbi.public,s3.us-east-1",adult,SRX1799179,USA,North America,"USA: California\, Zuma",Standard laboratory methods on cornmeal and molasses medium,Illumina HiSeq 2500,Sz65,SINGLE,RANDOM,GENOMIC,Drosophila simulans,ILLUMINA,2016-10-13T00:00:00Z,Sz65,DNA,female,SRP075682,Sz65,whole body
SRR3585459,WGS,110,1067696740,Nuzhdin Lab,PRJNA318623,SAMN05157419,Model organism or animal,15 generations of full-sib inbreeding,full-sib mating,519281452,UNIVERSITY OF FLORIDA,S. V. Nuzhdin,2013,public,"fastq,sra","gs,ncbi,s3","gs.US,ncbi.public,s3.us-east-1",adult,SRX1799180,USA,North America,"USA: California\, Zuma",Standard laboratory methods on cornmeal and molasses medium,Illumina HiSeq 2500,Sz68,SINGLE,RANDOM,GENOMIC,Drosophila simulans,ILLUMINA,2016-10-13T00:00:00Z,Sz68,DNA,female,SRP075682,Sz68,whole body
SRR3585460,WGS,110,1203297810,Nuzhdin Lab,PRJNA318623,SAMN05157420,Model organism or animal,15 generations of full-sib inbreeding,full-sib mating,519646267,UNIVERSITY OF FLORIDA,S. V. Nuzhdin,2013,public,"fastq,sra","gs,ncbi,s3","gs.US,ncbi.public,s3.us-east-1",adult,SRX1799181,USA,North America,"USA: California\, Zuma",Standard laboratory methods on cornmeal and molasses medium,Illumina HiSeq 2500,Sz71,SINGLE,RANDOM,GENOMIC,Drosophila simulans,ILLUMINA,2016-10-13T00:00:00Z,Sz71,DNA,female,SRP075682,Sz71,whole body
SRR3585461,WGS,110,2164575160,Nuzhdin Lab,PRJNA318623,SAMN05157421,Model organism or animal,15 generations of full-sib inbreeding,full-sib mating,933232193,UNIVERSITY OF FLORIDA,S. V. Nuzhdin,2013,public,"fastq,sra","gs,ncbi,s3","gs.US,ncbi.public,s3.us-east-1",adult,SRX1799182,USA,North America,"USA: California\, Zuma",Standard laboratory methods on cornmeal and molasses medium,Illumina HiSeq 2500,Sz75,SINGLE,RANDOM,GENOMIC,Drosophila simulans,ILLUMINA,2016-10-13T00:00:00Z,Sz75,DNA,female,SRP075682,Sz75,whole body
SRR3585462,WGS,110,1112209890,Nuzhdin Lab,PRJNA318623,SAMN05157422,Model organism or animal,15 generations of full-sib inbreeding,full-sib mating,540472729,UNIVERSITY OF FLORIDA,S. V. Nuzhdin,2013,public,"fastq,sra","gs,ncbi,s3","gs.US,ncbi.public,s3.us-east-1",adult,SRX1799183,USA,North America,"USA: California\, Zuma",Standard laboratory methods on cornmeal and molasses medium,Illumina HiSeq 2500,Sz76,SINGLE,RANDOM,GENOMIC,Drosophila simulans,ILLUMINA,2016-10-13T00:00:00Z,Sz76,DNA,female,SRP075682,Sz76,whole body
SRR3585463,WGS,110,2419291160,Nuzhdin Lab,PRJNA318623,SAMN05157270,Model organism or animal,15 generations of full-sib inbreeding,full-sib mating,1031114793,UNIVERSITY OF FLORIDA,S. V. Nuzhdin,2013,public,"fastq,sra","gs,ncbi,s3","gs.US,ncbi.public,s3.us-east-1",adult,SRX1799184,USA,North America,"USA: California\, Zuma",Standard laboratory methods on cornmeal and molasses medium,Illumina HiSeq 2500,Sz126,SINGLE,RANDOM,GENOMIC,Drosophila simulans,ILLUMINA,2016-10-13T00:00:00Z,Sz126,DNA,female,SRP075682,Sz126,whole body
SRR3585464,WGS,110,2195439950,Nuzhdin Lab,PRJNA318623,SAMN05157423,Model organism or animal,15 generations of full-sib inbreeding,full-sib mating,1061895857,UNIVERSITY OF FLORIDA,S. V. Nuzhdin,2013,public,"fastq,sra","gs,ncbi,s3","gs.US,ncbi.public,s3.us-east-1",adult,SRX1799185,USA,North America,"USA: California\, Zuma",Standard laboratory methods on cornmeal and molasses medium,Illumina HiSeq 2500,Sz77,SINGLE,RANDOM,GENOMIC,Drosophila simulans,ILLUMINA,2016-10-13T00:00:00Z,Sz77,DNA,female,SRP075682,Sz77,whole body
SRR3585465,WGS,110,3212943360,Nuzhdin Lab,PRJNA318623,SAMN05157424,Model organism or animal,15 generations of full-sib inbreeding,full-sib mating,1555072339,UNIVERSITY OF FLORIDA,S. V. Nuzhdin,2013,public,"fastq,sra","gs,ncbi,s3","gs.US,ncbi.public,s3.us-east-1",adult,SRX1799187,USA,North America,"USA: California\, Zuma",Standard laboratory methods on cornmeal and molasses medium,Illumina HiSeq 2500,Sz8,SINGLE,RANDOM,GENOMIC,Drosophila simulans,ILLUMINA,2016-10-13T00:00:00Z,Sz8,DNA,female,SRP075682,Sz8,whole body
SRR3585466,WGS,110,1035515580,Nuzhdin Lab,PRJNA318623,SAMN05157425,Model organism or animal,15 generations of full-sib inbreeding,full-sib mating,448995299,UNIVERSITY OF FLORIDA,S. V. Nuzhdin,2013,public,"fastq,sra","gs,ncbi,s3","gs.US,ncbi.public,s3.us-east-1",adult,SRX1799188,USA,North America,"USA: California\, Zuma",Standard laboratory methods on cornmeal and molasses medium,Illumina HiSeq 2500,Sz80,SINGLE,RANDOM,GENOMIC,Drosophila simulans,ILLUMINA,2016-10-13T00:00:00Z,Sz80,DNA,female,SRP075682,Sz80,whole body
SRR3585467,WGS,110,1001065340,Nuzhdin Lab,PRJNA318623,SAMN05157426,Model organism or animal,15 generations of full-sib inbreeding,full-sib mating,482593547,UNIVERSITY OF FLORIDA,S. V. Nuzhdin,2013,public,"fastq,sra","gs,ncbi,s3","gs.US,ncbi.public,s3.us-east-1",adult,SRX1799189,USA,North America,"USA: California\, Zuma",Standard laboratory methods on cornmeal and molasses medium,Illumina HiSeq 2500,Sz82,SINGLE,RANDOM,GENOMIC,Drosophila simulans,ILLUMINA,2016-10-13T00:00:00Z,Sz82,DNA,female,SRP075682,Sz82,whole body
SRR3585468,WGS,110,2431290290,Nuzhdin Lab,PRJNA318623,SAMN05157427,Model organism or animal,15 generations of full-sib inbreeding,full-sib mating,1040357322,UNIVERSITY OF FLORIDA,S. V. Nuzhdin,2013,public,"fastq,sra","gs,ncbi,s3","gs.US,ncbi.public,s3.us-east-1",adult,SRX1799190,USA,North America,"USA: California\, Zuma",Standard laboratory methods on cornmeal and molasses medium,Illumina HiSeq 2500,Sz83,SINGLE,RANDOM,GENOMIC,Drosophila simulans,ILLUMINA,2016-10-13T00:00:00Z,Sz83,DNA,female,SRP075682,Sz83,whole body
SRR3585469,WGS,110,2301608210,Nuzhdin Lab,PRJNA318623,SAMN05157428,Model organism or animal,15 generations of full-sib inbreeding,full-sib mating,1114150222,UNIVERSITY OF FLORIDA,S. V. Nuzhdin,2013,public,"fastq,sra","gs,ncbi,s3","gs.US,ncbi.public,s3.us-east-1",adult,SRX1799191,USA,North America,"USA: California\, Zuma",Standard laboratory methods on cornmeal and molasses medium,Illumina HiSeq 2500,Sz84,SINGLE,RANDOM,GENOMIC,Drosophila simulans,ILLUMINA,2016-10-13T00:00:00Z,Sz84,DNA,female,SRP075682,Sz84,whole body
SRR3585470,WGS,110,773300110,Nuzhdin Lab,PRJNA318623,SAMN05157429,Model organism or animal,15 generations of full-sib inbreeding,full-sib mating,376121913,UNIVERSITY OF FLORIDA,S. V. Nuzhdin,2013,public,"fastq,sra","gs,ncbi,s3","gs.US,ncbi.public,s3.us-east-1",adult,SRX1799192,USA,North America,"USA: California\, Zuma",Standard laboratory methods on cornmeal and molasses medium,Illumina HiSeq 2500,Sz87,SINGLE,RANDOM,GENOMIC,Drosophila simulans,ILLUMINA,2016-10-13T00:00:00Z,Sz87,DNA,female,SRP075682,Sz87,whole body
SRR3585471,WGS,110,2295457340,Nuzhdin Lab,PRJNA318623,SAMN05157430,Model organism or animal,15 generations of full-sib inbreeding,full-sib mating,989640006,UNIVERSITY OF FLORIDA,S. V. Nuzhdin,2013,public,"fastq,sra","gs,ncbi,s3","gs.US,ncbi.public,s3.us-east-1",adult,SRX1799193,USA,North America,"USA: California\, Zuma",Standard laboratory methods on cornmeal and molasses medium,Illumina HiSeq 2500,Sz9,SINGLE,RANDOM,GENOMIC,Drosophila simulans,ILLUMINA,2016-10-13T00:00:00Z,Sz9,DNA,female,SRP075682,Sz9,whole body
SRR3585472,WGS,110,1788460960,Nuzhdin Lab,PRJNA318623,SAMN05157431,Model organism or animal,15 generations of full-sib inbreeding,full-sib mating,867305797,UNIVERSITY OF FLORIDA,S. V. Nuzhdin,2013,public,"fastq,sra","gs,ncbi,s3","gs.US,ncbi.public,s3.us-east-1",adult,SRX1799194,USA,North America,"USA: California\, Zuma",Standard laboratory methods on cornmeal and molasses medium,Illumina HiSeq 2500,Sz90,SINGLE,RANDOM,GENOMIC,Drosophila simulans,ILLUMINA,2016-10-13T00:00:00Z,Sz90,DNA,female,SRP075682,Sz90,whole body
SRR3585473,WGS,110,2335939100,Nuzhdin Lab,PRJNA318623,SAMN05157432,Model organism or animal,15 generations of full-sib inbreeding,full-sib mating,1129194566,UNIVERSITY OF FLORIDA,S. V. Nuzhdin,2013,public,"fastq,sra","gs,ncbi,s3","gs.US,ncbi.public,s3.us-east-1",adult,SRX1799195,USA,North America,"USA: California\, Zuma",Standard laboratory methods on cornmeal and molasses medium,Illumina HiSeq 2500,Sz91,SINGLE,RANDOM,GENOMIC,Drosophila simulans,ILLUMINA,2016-10-13T00:00:00Z,Sz91,DNA,female,SRP075682,Sz91,whole body
SRR3585474,WGS,110,2946842140,Nuzhdin Lab,PRJNA318623,SAMN05157271,Model organism or animal,15 generations of full-sib inbreeding,full-sib mating,1422720524,UNIVERSITY OF FLORIDA,S. V. Nuzhdin,2013,public,"fastq,sra","gs,ncbi,s3","gs.US,ncbi.public,s3.us-east-1",adult,SRX1799196,USA,North America,"USA: California\, Zuma",Standard laboratory methods on cornmeal and molasses medium,Illumina HiSeq 2500,Sz127,SINGLE,RANDOM,GENOMIC,Drosophila simulans,ILLUMINA,2016-10-13T00:00:00Z,Sz127,DNA,female,SRP075682,Sz127,whole body
SRR3585475,WGS,110,1283014260,Nuzhdin Lab,PRJNA318623,SAMN05157433,Model organism or animal,15 generations of full-sib inbreeding,full-sib mating,619993965,UNIVERSITY OF FLORIDA,S. V. Nuzhdin,2013,public,"fastq,sra","gs,ncbi,s3","gs.US,ncbi.public,s3.us-east-1",adult,SRX1799197,USA,North America,"USA: California\, Zuma",Standard laboratory methods on cornmeal and molasses medium,Illumina HiSeq 2500,Sz93,SINGLE,RANDOM,GENOMIC,Drosophila simulans,ILLUMINA,2016-10-13T00:00:00Z,Sz93,DNA,female,SRP075682,Sz93,whole body
SRR3585476,WGS,110,2389423630,Nuzhdin Lab,PRJNA318623,SAMN05157434,Model organism or animal,15 generations of full-sib inbreeding,full-sib mating,1029662174,UNIVERSITY OF FLORIDA,S. V. Nuzhdin,2013,public,"fastq,sra","gs,ncbi,s3","gs.US,ncbi.public,s3.us-east-1",adult,SRX1799198,USA,North America,"USA: California\, Zuma",Standard laboratory methods on cornmeal and molasses medium,Illumina HiSeq 2500,Sz97,SINGLE,RANDOM,GENOMIC,Drosophila simulans,ILLUMINA,2016-10-13T00:00:00Z,Sz97,DNA,female,SRP075682,Sz97,whole body
SRR3585477,WGS,110,2318152650,Nuzhdin Lab,PRJNA318623,SAMN05157435,Model organism or animal,15 generations of full-sib inbreeding,full-sib mating,1120329107,UNIVERSITY OF FLORIDA,S. V. Nuzhdin,2013,public,"fastq,sra","gs,ncbi,s3","gs.US,ncbi.public,s3.us-east-1",adult,SRX1799199,USA,North America,"USA: California\, Zuma",Standard laboratory methods on cornmeal and molasses medium,Illumina HiSeq 2500,Sz99,SINGLE,RANDOM,GENOMIC,Drosophila simulans,ILLUMINA,2016-10-13T00:00:00Z,Sz99,DNA,female,SRP075682,Sz99,whole body
SRR3585478,WGS,110,2142861820,Nuzhdin Lab,PRJNA318623,SAMN05157272,Model organism or animal,15 generations of full-sib inbreeding,full-sib mating,1038651599,UNIVERSITY OF FLORIDA,S. V. Nuzhdin,2013,public,"fastq,sra","gs,ncbi,s3","gs.US,ncbi.public,s3.us-east-1",adult,SRX1799200,USA,North America,"USA: California\, Zuma",Standard laboratory methods on cornmeal and molasses medium,Illumina HiSeq 2500,Sz128,SINGLE,RANDOM,GENOMIC,Drosophila simulans,ILLUMINA,2016-10-13T00:00:00Z,Sz128,DNA,female,SRP075682,Sz128,whole body
SRR3585479,WGS,110,2767799760,Nuzhdin Lab,PRJNA318623,SAMN05157255,Model organism or animal,15 generations of full-sib inbreeding,full-sib mating,1188448751,UNIVERSITY OF FLORIDA,S. V. Nuzhdin,2013,public,"fastq,sra","gs,ncbi,s3","gs.US,ncbi.public,s3.us-east-1",adult,SRX1799201,USA,North America,"USA: California\, Zuma",Standard laboratory methods on cornmeal and molasses medium,Illumina HiSeq 2500,Sz102,SINGLE,RANDOM,GENOMIC,Drosophila simulans,ILLUMINA,2016-10-13T00:00:00Z,Sz102,DNA,female,SRP075682,Sz102,whole body
SRR3585480,WGS,110,1087236920,Nuzhdin Lab,PRJNA318623,SAMN05157273,Model organism or animal,15 generations of full-sib inbreeding,full-sib mating,471896875,UNIVERSITY OF FLORIDA,S. V. Nuzhdin,2013,public,"fastq,sra","gs,ncbi,s3","gs.US,ncbi.public,s3.us-east-1",adult,SRX1799202,USA,North America,"USA: California\, Zuma",Standard laboratory methods on cornmeal and molasses medium,Illumina HiSeq 2500,Sz129,SINGLE,RANDOM,GENOMIC,Drosophila simulans,ILLUMINA,2016-10-13T00:00:00Z,Sz129,DNA,female,SRP075682,Sz129,whole body
SRR3585481,WGS,110,1936480150,Nuzhdin Lab,PRJNA318623,SAMN05157274,Model organism or animal,15 generations of full-sib inbreeding,full-sib mating,938060739,UNIVERSITY OF FLORIDA,S. V. Nuzhdin,2013,public,"fastq,sra","gs,ncbi,s3","gs.US,ncbi.public,s3.us-east-1",adult,SRX1799203,USA,North America,"USA: California\, Zuma",Standard laboratory methods on cornmeal and molasses medium,Illumina HiSeq 2500,Sz13,SINGLE,RANDOM,GENOMIC,Drosophila simulans,ILLUMINA,2016-10-13T00:00:00Z,Sz13,DNA,female,SRP075682,Sz13,whole body
SRR3585482,WGS,110,1030829800,Nuzhdin Lab,PRJNA318623,SAMN05157275,Model organism or animal,15 generations of full-sib inbreeding,full-sib mating,447255619,UNIVERSITY OF FLORIDA,S. V. Nuzhdin,2013,public,"fastq,sra","gs,ncbi,s3","gs.US,ncbi.public,s3.us-east-1",adult,SRX1799204,USA,North America,"USA: California\, Zuma",Standard laboratory methods on cornmeal and molasses medium,Illumina HiSeq 2500,Sz130,SINGLE,RANDOM,GENOMIC,Drosophila simulans,ILLUMINA,2016-10-13T00:00:00Z,Sz130,DNA,female,SRP075682,Sz130,whole body
SRR3585484,WGS,110,2540816080,Nuzhdin Lab,PRJNA318623,SAMN05157276,Model organism or animal,15 generations of full-sib inbreeding,full-sib mating,1229788720,UNIVERSITY OF FLORIDA,S. V. Nuzhdin,2013,public,"fastq,sra","gs,ncbi,s3","gs.US,ncbi.public,s3.us-east-1",adult,SRX1799205,USA,North America,"USA: California\, Zuma",Standard laboratory methods on cornmeal and molasses medium,Illumina HiSeq 2500,Sz131,SINGLE,RANDOM,GENOMIC,Drosophila simulans,ILLUMINA,2016-10-13T00:00:00Z,Sz131,DNA,female,SRP075682,Sz131,whole body
SRR3585485,WGS,110,690874250,Nuzhdin Lab,PRJNA318623,SAMN05157277,Model organism or animal,15 generations of full-sib inbreeding,full-sib mating,300361484,UNIVERSITY OF FLORIDA,S. V. Nuzhdin,2013,public,"fastq,sra","gs,ncbi,s3","gs.US,ncbi.public,s3.us-east-1",adult,SRX1799206,USA,North America,"USA: California\, Zuma",Standard laboratory methods on cornmeal and molasses medium,Illumina HiSeq 2500,Sz133,SINGLE,RANDOM,GENOMIC,Drosophila simulans,ILLUMINA,2016-10-13T00:00:00Z,Sz133,DNA,female,SRP075682,Sz133,whole body
SRR3585486,WGS,110,1251120640,Nuzhdin Lab,PRJNA318623,SAMN05157278,Model organism or animal,15 generations of full-sib inbreeding,full-sib mating,607940044,UNIVERSITY OF FLORIDA,S. V. Nuzhdin,2013,public,"fastq,sra","gs,ncbi,s3","gs.US,ncbi.public,s3.us-east-1",adult,SRX1799207,USA,North America,"USA: California\, Zuma",Standard laboratory methods on cornmeal and molasses medium,Illumina HiSeq 2500,Sz135,SINGLE,RANDOM,GENOMIC,Drosophila simulans,ILLUMINA,2016-10-13T00:00:00Z,Sz135,DNA,female,SRP075682,Sz135,whole body
SRR3585487,WGS,110,536623560,Nuzhdin Lab,PRJNA318623,SAMN05157279,Model organism or animal,15 generations of full-sib inbreeding,full-sib mating,233823189,UNIVERSITY OF FLORIDA,S. V. Nuzhdin,2013,public,"fastq,sra","gs,ncbi,s3","gs.US,ncbi.public,s3.us-east-1",adult,SRX1799208,USA,North America,"USA: California\, Zuma",Standard laboratory methods on cornmeal and molasses medium,Illumina HiSeq 2500,Sz136,SINGLE,RANDOM,GENOMIC,Drosophila simulans,ILLUMINA,2016-10-13T00:00:00Z,Sz136,DNA,female,SRP075682,Sz136,whole body
SRR3585488,WGS,110,3459472280,Nuzhdin Lab,PRJNA318623,SAMN05157280,Model organism or animal,15 generations of full-sib inbreeding,full-sib mating,1670713498,UNIVERSITY OF FLORIDA,S. V. Nuzhdin,2013,public,"fastq,sra","gs,ncbi,s3","gs.US,ncbi.public,s3.us-east-1",adult,SRX1799209,USA,North America,"USA: California\, Zuma",Standard laboratory methods on cornmeal and molasses medium,Illumina HiSeq 2500,Sz137,SINGLE,RANDOM,GENOMIC,Drosophila simulans,ILLUMINA,2016-10-13T00:00:00Z,Sz137,DNA,female,SRP075682,Sz137,whole body
SRR3585489,WGS,110,1160070010,Nuzhdin Lab,PRJNA318623,SAMN05157281,Model organism or animal,15 generations of full-sib inbreeding,full-sib mating,501015506,UNIVERSITY OF FLORIDA,S. V. Nuzhdin,2013,public,"fastq,sra","gs,ncbi,s3","gs.US,ncbi.public,s3.us-east-1",adult,SRX1799210,USA,North America,"USA: California\, Zuma",Standard laboratory methods on cornmeal and molasses medium,Illumina HiSeq 2500,Sz138,SINGLE,RANDOM,GENOMIC,Drosophila simulans,ILLUMINA,2016-10-13T00:00:00Z,Sz138,DNA,female,SRP075682,Sz138,whole body
SRR3585490,WGS,110,2180552440,Nuzhdin Lab,PRJNA318623,SAMN05157282,Model organism or animal,15 generations of full-sib inbreeding,full-sib mating,1054759330,UNIVERSITY OF FLORIDA,S. V. Nuzhdin,2013,public,"fastq,sra","gs,ncbi,s3","gs.US,ncbi.public,s3.us-east-1",adult,SRX1799211,USA,North America,"USA: California\, Zuma",Standard laboratory methods on cornmeal and molasses medium,Illumina HiSeq 2500,Sz139,SINGLE,RANDOM,GENOMIC,Drosophila simulans,ILLUMINA,2016-10-13T00:00:00Z,Sz139,DNA,female,SRP075682,Sz139,whole body
SRR3585491,WGS,110,3322240240,Nuzhdin Lab,PRJNA318623,SAMN05157256,Model organism or animal,15 generations of full-sib inbreeding,full-sib mating,1429908066,UNIVERSITY OF FLORIDA,S. V. Nuzhdin,2013,public,"fastq,sra","gs,ncbi,s3","gs.US,ncbi.public,s3.us-east-1",adult,SRX1799212,USA,North America,"USA: California\, Zuma",Standard laboratory methods on cornmeal and molasses medium,Illumina HiSeq 2500,Sz103,SINGLE,RANDOM,GENOMIC,Drosophila simulans,ILLUMINA,2016-10-13T00:00:00Z,Sz103,DNA,female,SRP075682,Sz103,whole body
SRR3585492,WGS,110,1057065460,Nuzhdin Lab,PRJNA318623,SAMN05157283,Model organism or animal,15 generations of full-sib inbreeding,full-sib mating,457694491,UNIVERSITY OF FLORIDA,S. V. Nuzhdin,2013,public,"fastq,sra","gs,ncbi,s3","gs.US,ncbi.public,s3.us-east-1",adult,SRX1799213,USA,North America,"USA: California\, Zuma",Standard laboratory methods on cornmeal and molasses medium,Illumina HiSeq 2500,Sz14,SINGLE,RANDOM,GENOMIC,Drosophila simulans,ILLUMINA,2016-10-13T00:00:00Z,Sz14,DNA,female,SRP075682,Sz14,whole body
SRR3585493,WGS,110,2882424600,Nuzhdin Lab,PRJNA318623,SAMN05157284,Model organism or animal,15 generations of full-sib inbreeding,full-sib mating,1391854666,UNIVERSITY OF FLORIDA,S. V. Nuzhdin,2013,public,"fastq,sra","gs,ncbi,s3","gs.US,ncbi.public,s3.us-east-1",adult,SRX1799214,USA,North America,"USA: California\, Zuma",Standard laboratory methods on cornmeal and molasses medium,Illumina HiSeq 2500,Sz140,SINGLE,RANDOM,GENOMIC,Drosophila simulans,ILLUMINA,2016-10-13T00:00:00Z,Sz140,DNA,female,SRP075682,Sz140,whole body
SRR3585494,WGS,110,6563560300,Nuzhdin Lab,PRJNA318623,SAMN05157285,Model organism or animal,15 generations of full-sib inbreeding,full-sib mating,3171060125,UNIVERSITY OF FLORIDA,S. V. Nuzhdin,2013,public,"fastq,sra","gs,ncbi,s3","gs.US,ncbi.public,s3.us-east-1",adult,SRX1799215,USA,North America,"USA: California\, Zuma",Standard laboratory methods on cornmeal and molasses medium,Illumina HiSeq 2500,Sz141,SINGLE,RANDOM,GENOMIC,Drosophila simulans,ILLUMINA,2016-10-13T00:00:00Z,Sz141,DNA,female,SRP075682,Sz141,whole body
SRR3585496,WGS,110,1932263520,Nuzhdin Lab,PRJNA318623,SAMN05157286,Model organism or animal,15 generations of full-sib inbreeding,full-sib mating,936662596,UNIVERSITY OF FLORIDA,S. V. Nuzhdin,2013,public,"fastq,sra","gs,ncbi,s3","gs.US,ncbi.public,s3.us-east-1",adult,SRX1799216,USA,North America,"USA: California\, Zuma",Standard laboratory methods on cornmeal and molasses medium,Illumina HiSeq 2500,Sz142,SINGLE,RANDOM,GENOMIC,Drosophila simulans,ILLUMINA,2016-10-13T00:00:00Z,Sz142,DNA,female,SRP075682,Sz142,whole body
SRR3585497,WGS,110,1986340950,Nuzhdin Lab,PRJNA318623,SAMN05157287,Model organism or animal,15 generations of full-sib inbreeding,full-sib mating,958267787,UNIVERSITY OF FLORIDA,S. V. Nuzhdin,2013,public,"fastq,sra","gs,ncbi,s3","gs.US,ncbi.public,s3.us-east-1",adult,SRX1799217,USA,North America,"USA: California\, Zuma",Standard laboratory methods on cornmeal and molasses medium,Illumina HiSeq 2500,Sz143,SINGLE,RANDOM,GENOMIC,Drosophila simulans,ILLUMINA,2016-10-13T00:00:00Z,Sz143,DNA,female,SRP075682,Sz143,whole body
SRR3585498,WGS,110,2232481680,Nuzhdin Lab,PRJNA318623,SAMN05157288,Model organism or animal,15 generations of full-sib inbreeding,full-sib mating,962400745,UNIVERSITY OF FLORIDA,S. V. Nuzhdin,2013,public,"fastq,sra","gs,ncbi,s3","gs.US,ncbi.public,s3.us-east-1",adult,SRX1799218,USA,North America,"USA: California\, Zuma",Standard laboratory methods on cornmeal and molasses medium,Illumina HiSeq 2500,Sz145,SINGLE,RANDOM,GENOMIC,Drosophila simulans,ILLUMINA,2016-10-13T00:00:00Z,Sz145,DNA,female,SRP075682,Sz145,whole body
SRR3585499,WGS,110,1168411750,Nuzhdin Lab,PRJNA318623,SAMN05157289,Model organism or animal,15 generations of full-sib inbreeding,full-sib mating,565035588,UNIVERSITY OF FLORIDA,S. V. Nuzhdin,2013,public,"fastq,sra","gs,ncbi,s3","gs.US,ncbi.public,s3.us-east-1",adult,SRX1799219,USA,North America,"USA: California\, Zuma",Standard laboratory methods on cornmeal and molasses medium,Illumina HiSeq 2500,Sz146,SINGLE,RANDOM,GENOMIC,Drosophila simulans,ILLUMINA,2016-10-13T00:00:00Z,Sz146,DNA,female,SRP075682,Sz146,whole body
SRR3585500,WGS,110,1893732390,Nuzhdin Lab,PRJNA318623,SAMN05157290,Model organism or animal,15 generations of full-sib inbreeding,full-sib mating,918134722,UNIVERSITY OF FLORIDA,S. V. Nuzhdin,2013,public,"fastq,sra","gs,ncbi,s3","gs.US,ncbi.public,s3.us-east-1",adult,SRX1799220,USA,North America,"USA: California\, Zuma",Standard laboratory methods on cornmeal and molasses medium,Illumina HiSeq 2500,Sz149,SINGLE,RANDOM,GENOMIC,Drosophila simulans,ILLUMINA,2016-10-13T00:00:00Z,Sz149,DNA,female,SRP075682,Sz149,whole body
SRR3585501,WGS,110,1388570920,Nuzhdin Lab,PRJNA318623,SAMN05157291,Model organism or animal,15 generations of full-sib inbreeding,full-sib mating,595428072,UNIVERSITY OF FLORIDA,S. V. Nuzhdin,2013,public,"fastq,sra","gs,ncbi,s3","gs.US,ncbi.public,s3.us-east-1",adult,SRX1799221,USA,North America,"USA: California\, Zuma",Standard laboratory methods on cornmeal and molasses medium,Illumina HiSeq 2500,Sz15,SINGLE,RANDOM,GENOMIC,Drosophila simulans,ILLUMINA,2016-10-13T00:00:00Z,Sz15,DNA,female,SRP075682,Sz15,whole body
SRR3585502,WGS,110,1031974900,Nuzhdin Lab,PRJNA318623,SAMN05157292,Model organism or animal,15 generations of full-sib inbreeding,full-sib mating,448513118,UNIVERSITY OF FLORIDA,S. V. Nuzhdin,2013,public,"fastq,sra","gs,ncbi,s3","gs.US,ncbi.public,s3.us-east-1",adult,SRX1799232,USA,North America,"USA: California\, Zuma",Standard laboratory methods on cornmeal and molasses medium,Illumina HiSeq 2500,Sz151,SINGLE,RANDOM,GENOMIC,Drosophila simulans,ILLUMINA,2016-10-13T00:00:00Z,Sz151,DNA,female,SRP075682,Sz151,whole body
SRR3585519,WGS,110,1598668170,Nuzhdin Lab,PRJNA318623,SAMN05157257,Model organism or animal,15 generations of full-sib inbreeding,full-sib mating,771137663,UNIVERSITY OF FLORIDA,S. V. Nuzhdin,2013,public,"fastq,sra","gs,ncbi,s3","gs.US,ncbi.public,s3.us-east-1",adult,SRX1799237,USA,North America,"USA: California\, Zuma",Standard laboratory methods on cornmeal and molasses medium,Illumina HiSeq 2500,Sz106,SINGLE,RANDOM,GENOMIC,Drosophila simulans,ILLUMINA,2016-10-13T00:00:00Z,Sz106,DNA,female,SRP075682,Sz106,whole body
SRR3585530,WGS,110,1539055870,Nuzhdin Lab,PRJNA318623,SAMN05157293,Model organism or animal,15 generations of full-sib inbreeding,full-sib mating,742351804,UNIVERSITY OF FLORIDA,S. V. Nuzhdin,2013,public,"fastq,sra","gs,ncbi,s3","gs.US,ncbi.public,s3.us-east-1",adult,SRX1799241,USA,North America,"USA: California\, Zuma",Standard laboratory methods on cornmeal and molasses medium,Illumina HiSeq 2500,Sz153,SINGLE,RANDOM,GENOMIC,Drosophila simulans,ILLUMINA,2016-10-13T00:00:00Z,Sz153,DNA,female,SRP075682,Sz153,whole body
SRR3585587,WGS,110,2423176140,Nuzhdin Lab,PRJNA318623,SAMN05157294,Model organism or animal,15 generations of full-sib inbreeding,full-sib mating,1169290573,UNIVERSITY OF FLORIDA,S. V. Nuzhdin,2013,public,"fastq,sra","gs,ncbi,s3","gs.US,ncbi.public,s3.us-east-1",adult,SRX1799242,USA,North America,"USA: California\, Zuma",Standard laboratory methods on cornmeal and molasses medium,Illumina HiSeq 2500,Sz154,SINGLE,RANDOM,GENOMIC,Drosophila simulans,ILLUMINA,2016-10-13T00:00:00Z,Sz154,DNA,female,SRP075682,Sz154,whole body
SRR3585588,WGS,110,1794766820,Nuzhdin Lab,PRJNA318623,SAMN05157295,Model organism or animal,15 generations of full-sib inbreeding,full-sib mating,777177889,UNIVERSITY OF FLORIDA,S. V. Nuzhdin,2013,public,"fastq,sra","gs,ncbi,s3","gs.US,ncbi.public,s3.us-east-1",adult,SRX1799243,USA,North America,"USA: California\, Zuma",Standard laboratory methods on cornmeal and molasses medium,Illumina HiSeq 2500,Sz155,SINGLE,RANDOM,GENOMIC,Drosophila simulans,ILLUMINA,2016-10-13T00:00:00Z,Sz155,DNA,female,SRP075682,Sz155,whole body
SRR3585616,WGS,110,4046130,Nuzhdin Lab,PRJNA318623,SAMN05157296,Model organism or animal,15 generations of full-sib inbreeding,full-sib mating,1834008,UNIVERSITY OF FLORIDA,S. V. Nuzhdin,2013,public,"fastq,sra","gs,ncbi,s3","gs.US,ncbi.public,s3.us-east-1",adult,SRX1799250,USA,North America,"USA: California\, Zuma",Standard laboratory methods on cornmeal and molasses medium,Illumina HiSeq 2500,Sz158,SINGLE,RANDOM,GENOMIC,Drosophila simulans,ILLUMINA,2016-10-13T00:00:00Z,Sz158,DNA,female,SRP075682,Sz158,whole body
SRR3585651,WGS,110,1081635280,Nuzhdin Lab,PRJNA318623,SAMN05157297,Model organism or animal,15 generations of full-sib inbreeding,full-sib mating,524874183,UNIVERSITY OF FLORIDA,S. V. Nuzhdin,2013,public,"fastq,sra","gs,ncbi,s3","gs.US,ncbi.public,s3.us-east-1",adult,SRX1799258,USA,North America,"USA: California\, Zuma",Standard laboratory methods on cornmeal and molasses medium,Illumina HiSeq 2500,Sz16,SINGLE,RANDOM,GENOMIC,Drosophila simulans,ILLUMINA,2016-10-13T00:00:00Z,Sz16,DNA,female,SRP075682,Sz16,whole body
SRR3585652,WGS,110,555505830,Nuzhdin Lab,PRJNA318623,SAMN05157298,Model organism or animal,15 generations of full-sib inbreeding,full-sib mating,242931302,UNIVERSITY OF FLORIDA,S. V. Nuzhdin,2013,public,"fastq,sra","gs,ncbi,s3","gs.US,ncbi.public,s3.us-east-1",adult,SRX1799259,USA,North America,"USA: California\, Zuma",Standard laboratory methods on cornmeal and molasses medium,Illumina HiSeq 2500,Sz160,SINGLE,RANDOM,GENOMIC,Drosophila simulans,ILLUMINA,2016-10-13T00:00:00Z,Sz160,DNA,female,SRP075682,Sz160,whole body
SRR3585653,WGS,110,712613990,Nuzhdin Lab,PRJNA318623,SAMN05157299,Model organism or animal,15 generations of full-sib inbreeding,full-sib mating,312453347,UNIVERSITY OF FLORIDA,S. V. Nuzhdin,2013,public,"fastq,sra","gs,ncbi,s3","gs.US,ncbi.public,s3.us-east-1",adult,SRX1799260,USA,North America,"USA: California\, Zuma",Standard laboratory methods on cornmeal and molasses medium,Illumina HiSeq 2500,Sz162,SINGLE,RANDOM,GENOMIC,Drosophila simulans,ILLUMINA,2016-10-13T00:00:00Z,Sz162,DNA,female,SRP075682,Sz162,whole body
SRR3585654,WGS,110,2333359930,Nuzhdin Lab,PRJNA318623,SAMN05157300,Model organism or animal,15 generations of full-sib inbreeding,full-sib mating,1000426187,UNIVERSITY OF FLORIDA,S. V. Nuzhdin,2013,public,"fastq,sra","gs,ncbi,s3","gs.US,ncbi.public,s3.us-east-1",adult,SRX1799261,USA,North America,"USA: California\, Zuma",Standard laboratory methods on cornmeal and molasses medium,Illumina HiSeq 2500,Sz163,SINGLE,RANDOM,GENOMIC,Drosophila simulans,ILLUMINA,2016-10-13T00:00:00Z,Sz163,DNA,female,SRP075682,Sz163,whole body
SRR3585687,WGS,110,1494674720,Nuzhdin Lab,PRJNA318623,SAMN05157301,Model organism or animal,15 generations of full-sib inbreeding,full-sib mating,645163186,UNIVERSITY OF FLORIDA,S. V. Nuzhdin,2013,public,"fastq,sra","gs,ncbi,s3","gs.US,ncbi.public,s3.us-east-1",adult,SRX1799278,USA,North America,"USA: California\, Zuma",Standard laboratory methods on cornmeal and molasses medium,Illumina HiSeq 2500,Sz164,SINGLE,RANDOM,GENOMIC,Drosophila simulans,ILLUMINA,2016-10-13T00:00:00Z,Sz164,DNA,female,SRP075682,Sz164,whole body
SRR3585729,WGS,110,638553850,Nuzhdin Lab,PRJNA318623,SAMN05157302,Model organism or animal,15 generations of full-sib inbreeding,full-sib mating,279312323,UNIVERSITY OF FLORIDA,S. V. Nuzhdin,2013,public,"fastq,sra","gs,ncbi,s3","gs.US,ncbi.public,s3.us-east-1",adult,SRX1799290,USA,North America,"USA: California\, Zuma",Standard laboratory methods on cornmeal and molasses medium,Illumina HiSeq 2500,Sz166,SINGLE,RANDOM,GENOMIC,Drosophila simulans,ILLUMINA,2016-10-13T00:00:00Z,Sz166,DNA,female,SRP075682,Sz166,whole body
SRR3585730,WGS,110,1080145770,Nuzhdin Lab,PRJNA318623,SAMN05157258,Model organism or animal,15 generations of full-sib inbreeding,full-sib mating,524557422,UNIVERSITY OF FLORIDA,S. V. Nuzhdin,2013,public,"fastq,sra","gs,ncbi,s3","gs.US,ncbi.public,s3.us-east-1",adult,SRX1799291,USA,North America,"USA: California\, Zuma",Standard laboratory methods on cornmeal and molasses medium,Illumina HiSeq 2500,Sz11,SINGLE,RANDOM,GENOMIC,Drosophila simulans,ILLUMINA,2016-10-13T00:00:00Z,Sz11,DNA,female,SRP075682,Sz11,whole body
SRR3585731,WGS,110,1682308650,Nuzhdin Lab,PRJNA318623,SAMN05157303,Model organism or animal,15 generations of full-sib inbreeding,full-sib mating,816267333,UNIVERSITY OF FLORIDA,S. V. Nuzhdin,2013,public,"fastq,sra","gs,ncbi,s3","gs.US,ncbi.public,s3.us-east-1",adult,SRX1799294,USA,North America,"USA: California\, Zuma",Standard laboratory methods on cornmeal and molasses medium,Illumina HiSeq 2500,Sz168,SINGLE,RANDOM,GENOMIC,Drosophila simulans,ILLUMINA,2016-10-13T00:00:00Z,Sz168,DNA,female,SRP075682,Sz168,whole body
SRR3585732,WGS,110,926649680,Nuzhdin Lab,PRJNA318623,SAMN05157304,Model organism or animal,15 generations of full-sib inbreeding,full-sib mating,399599899,UNIVERSITY OF FLORIDA,S. V. Nuzhdin,2013,public,"fastq,sra","gs,ncbi,s3","gs.US,ncbi.public,s3.us-east-1",adult,SRX1799295,USA,North America,"USA: California\, Zuma",Standard laboratory methods on cornmeal and molasses medium,Illumina HiSeq 2500,Sz169,SINGLE,RANDOM,GENOMIC,Drosophila simulans,ILLUMINA,2016-10-13T00:00:00Z,Sz169,DNA,female,SRP075682,Sz169,whole body
SRR3585733,WGS,110,2538218320,Nuzhdin Lab,PRJNA318623,SAMN05157305,Model organism or animal,15 generations of full-sib inbreeding,full-sib mating,1225070600,UNIVERSITY OF FLORIDA,S. V. Nuzhdin,2013,public,"fastq,sra","gs,ncbi,s3","gs.US,ncbi.public,s3.us-east-1",adult,SRX1799296,USA,North America,"USA: California\, Zuma",Standard laboratory methods on cornmeal and molasses medium,Illumina HiSeq 2500,Sz172,SINGLE,RANDOM,GENOMIC,Drosophila simulans,ILLUMINA,2016-10-13T00:00:00Z,Sz172,DNA,female,SRP075682,Sz172,whole body
SRR3585734,WGS,110,1764427940,Nuzhdin Lab,PRJNA318623,SAMN05157306,Model organism or animal,15 generations of full-sib inbreeding,full-sib mating,762084429,UNIVERSITY OF FLORIDA,S. V. Nuzhdin,2013,public,"fastq,sra","gs,ncbi,s3","gs.US,ncbi.public,s3.us-east-1",adult,SRX1799297,USA,North America,"USA: California\, Zuma",Standard laboratory methods on cornmeal and molasses medium,Illumina HiSeq 2500,Sz173,SINGLE,RANDOM,GENOMIC,Drosophila simulans,ILLUMINA,2016-10-13T00:00:00Z,Sz173,DNA,female,SRP075682,Sz173,whole body
SRR3585735,WGS,110,633340620,Nuzhdin Lab,PRJNA318623,SAMN05157307,Model organism or animal,15 generations of full-sib inbreeding,full-sib mating,279906469,UNIVERSITY OF FLORIDA,S. V. Nuzhdin,2013,public,"fastq,sra","gs,ncbi,s3","gs.US,ncbi.public,s3.us-east-1",adult,SRX1799298,USA,North America,"USA: California\, Zuma",Standard laboratory methods on cornmeal and molasses medium,Illumina HiSeq 2500,Sz175,SINGLE,RANDOM,GENOMIC,Drosophila simulans,ILLUMINA,2016-10-13T00:00:00Z,Sz175,DNA,female,SRP075682,Sz175,whole body
SRR3585736,WGS,110,1420209780,Nuzhdin Lab,PRJNA318623,SAMN05157308,Model organism or animal,15 generations of full-sib inbreeding,full-sib mating,614080935,UNIVERSITY OF FLORIDA,S. V. Nuzhdin,2013,public,"fastq,sra","gs,ncbi,s3","gs.US,ncbi.public,s3.us-east-1",adult,SRX1799299,USA,North America,"USA: California\, Zuma",Standard laboratory methods on cornmeal and molasses medium,Illumina HiSeq 2500,Sz176,SINGLE,RANDOM,GENOMIC,Drosophila simulans,ILLUMINA,2016-10-13T00:00:00Z,Sz176,DNA,female,SRP075682,Sz176,whole body
SRR3585737,WGS,110,1214211790,Nuzhdin Lab,PRJNA318623,SAMN05157309,Model organism or animal,15 generations of full-sib inbreeding,full-sib mating,591565534,UNIVERSITY OF FLORIDA,S. V. Nuzhdin,2013,public,"fastq,sra","gs,ncbi,s3","gs.US,ncbi.public,s3.us-east-1",adult,SRX1799300,USA,North America,"USA: California\, Zuma",Standard laboratory methods on cornmeal and molasses medium,Illumina HiSeq 2500,Sz181,SINGLE,RANDOM,GENOMIC,Drosophila simulans,ILLUMINA,2016-10-13T00:00:00Z,Sz181,DNA,female,SRP075682,Sz181,whole body
SRR3585738,WGS,110,1296450870,Nuzhdin Lab,PRJNA318623,SAMN05157310,Model organism or animal,15 generations of full-sib inbreeding,full-sib mating,563048165,UNIVERSITY OF FLORIDA,S. V. Nuzhdin,2013,public,"fastq,sra","gs,ncbi,s3","gs.US,ncbi.public,s3.us-east-1",adult,SRX1799301,USA,North America,"USA: California\, Zuma",Standard laboratory methods on cornmeal and molasses medium,Illumina HiSeq 2500,Sz182,SINGLE,RANDOM,GENOMIC,Drosophila simulans,ILLUMINA,2016-10-13T00:00:00Z,Sz182,DNA,female,SRP075682,Sz182,whole body
SRR3585739,WGS,110,3060596110,Nuzhdin Lab,PRJNA318623,SAMN05157311,Model organism or animal,15 generations of full-sib inbreeding,full-sib mating,1315135267,UNIVERSITY OF FLORIDA,S. V. Nuzhdin,2013,public,"fastq,sra","gs,ncbi,s3","gs.US,ncbi.public,s3.us-east-1",adult,SRX1799302,USA,North America,"USA: California\, Zuma",Standard laboratory methods on cornmeal and molasses medium,Illumina HiSeq 2500,Sz184,SINGLE,RANDOM,GENOMIC,Drosophila simulans,ILLUMINA,2016-10-13T00:00:00Z,Sz184,DNA,female,SRP075682,Sz184,whole body
SRR3585740,WGS,110,571161800,Nuzhdin Lab,PRJNA318623,SAMN05157312,Model organism or animal,15 generations of full-sib inbreeding,full-sib mating,250233142,UNIVERSITY OF FLORIDA,S. V. Nuzhdin,2013,public,"fastq,sra","gs,ncbi,s3","gs.US,ncbi.public,s3.us-east-1",adult,SRX1799303,USA,North America,"USA: California\, Zuma",Standard laboratory methods on cornmeal and molasses medium,Illumina HiSeq 2500,Sz185,SINGLE,RANDOM,GENOMIC,Drosophila simulans,ILLUMINA,2016-10-13T00:00:00Z,Sz185,DNA,female,SRP075682,Sz185,whole body
SRR3585741,WGS,110,1587864300,Nuzhdin Lab,PRJNA318623,SAMN05157259,Model organism or animal,15 generations of full-sib inbreeding,full-sib mating,688637835,UNIVERSITY OF FLORIDA,S. V. Nuzhdin,2013,public,"fastq,sra","gs,ncbi,s3","gs.US,ncbi.public,s3.us-east-1",adult,SRX1799304,USA,North America,"USA: California\, Zuma",Standard laboratory methods on cornmeal and molasses medium,Illumina HiSeq 2500,Sz110,SINGLE,RANDOM,GENOMIC,Drosophila simulans,ILLUMINA,2016-10-13T00:00:00Z,Sz110,DNA,female,SRP075682,Sz110,whole body
SRR3585742,WGS,110,1867120200,Nuzhdin Lab,PRJNA318623,SAMN05157313,Model organism or animal,15 generations of full-sib inbreeding,full-sib mating,801142733,UNIVERSITY OF FLORIDA,S. V. Nuzhdin,2013,public,"fastq,sra","gs,ncbi,s3","gs.US,ncbi.public,s3.us-east-1",adult,SRX1799305,USA,North America,"USA: California\, Zuma",Standard laboratory methods on cornmeal and molasses medium,Illumina HiSeq 2500,Sz186,SINGLE,RANDOM,GENOMIC,Drosophila simulans,ILLUMINA,2016-10-13T00:00:00Z,Sz186,DNA,female,SRP075682,Sz186,whole body
SRR3585743,WGS,110,3811560500,Nuzhdin Lab,PRJNA318623,SAMN05157314,Model organism or animal,15 generations of full-sib inbreeding,full-sib mating,1636215291,UNIVERSITY OF FLORIDA,S. V. Nuzhdin,2013,public,"fastq,sra","gs,ncbi,s3","gs.US,ncbi.public,s3.us-east-1",adult,SRX1799306,USA,North America,"USA: California\, Zuma",Standard laboratory methods on cornmeal and molasses medium,Illumina HiSeq 2500,Sz189,SINGLE,RANDOM,GENOMIC,Drosophila simulans,ILLUMINA,2016-10-13T00:00:00Z,Sz189,DNA,female,SRP075682,Sz189,whole body
SRR3585744,WGS,110,1576131150,Nuzhdin Lab,PRJNA318623,SAMN05157315,Model organism or animal,15 generations of full-sib inbreeding,full-sib mating,679599580,UNIVERSITY OF FLORIDA,S. V. Nuzhdin,2013,public,"fastq,sra","gs,ncbi,s3","gs.US,ncbi.public,s3.us-east-1",adult,SRX1799307,USA,North America,"USA: California\, Zuma",Standard laboratory methods on cornmeal and molasses medium,Illumina HiSeq 2500,Sz19,SINGLE,RANDOM,GENOMIC,Drosophila simulans,ILLUMINA,2016-10-13T00:00:00Z,Sz19,DNA,female,SRP075682,Sz19,whole body
SRR3585745,WGS,110,2031722550,Nuzhdin Lab,PRJNA318623,SAMN05157316,Model organism or animal,15 generations of full-sib inbreeding,full-sib mating,874477611,UNIVERSITY OF FLORIDA,S. V. Nuzhdin,2013,public,"fastq,sra","gs,ncbi,s3","gs.US,ncbi.public,s3.us-east-1",adult,SRX1799308,USA,North America,"USA: California\, Zuma",Standard laboratory methods on cornmeal and molasses medium,Illumina HiSeq 2500,Sz190,SINGLE,RANDOM,GENOMIC,Drosophila simulans,ILLUMINA,2016-10-13T00:00:00Z,Sz190,DNA,female,SRP075682,Sz190,whole body
SRR3585746,WGS,110,799243280,Nuzhdin Lab,PRJNA318623,SAMN05157317,Model organism or animal,15 generations of full-sib inbreeding,full-sib mating,347847030,UNIVERSITY OF FLORIDA,S. V. Nuzhdin,2013,public,"fastq,sra","gs,ncbi,s3","gs.US,ncbi.public,s3.us-east-1",adult,SRX1799309,USA,North America,"USA: California\, Zuma",Standard laboratory methods on cornmeal and molasses medium,Illumina HiSeq 2500,Sz191,SINGLE,RANDOM,GENOMIC,Drosophila simulans,ILLUMINA,2016-10-13T00:00:00Z,Sz191,DNA,female,SRP075682,Sz191,whole body
SRR3585747,WGS,110,1543594360,Nuzhdin Lab,PRJNA318623,SAMN05157318,Model organism or animal,15 generations of full-sib inbreeding,full-sib mating,684666384,UNIVERSITY OF FLORIDA,S. V. Nuzhdin,2013,public,"fastq,sra","gs,ncbi,s3","gs.US,ncbi.public,s3.us-east-1",adult,SRX1799310,USA,North America,"USA: California\, Zuma",Standard laboratory methods on cornmeal and molasses medium,Illumina HiSeq 2500,Sz193,SINGLE,RANDOM,GENOMIC,Drosophila simulans,ILLUMINA,2016-10-13T00:00:00Z,Sz193,DNA,female,SRP075682,Sz193,whole body
SRR3585748,WGS,110,1892165550,Nuzhdin Lab,PRJNA318623,SAMN05157319,Model organism or animal,15 generations of full-sib inbreeding,full-sib mating,917763295,UNIVERSITY OF FLORIDA,S. V. Nuzhdin,2013,public,"fastq,sra","gs,ncbi,s3","gs.US,ncbi.public,s3.us-east-1",adult,SRX1799311,USA,North America,"USA: California\, Zuma",Standard laboratory methods on cornmeal and molasses medium,Illumina HiSeq 2500,Sz194,SINGLE,RANDOM,GENOMIC,Drosophila simulans,ILLUMINA,2016-10-13T00:00:00Z,Sz194,DNA,female,SRP075682,Sz194,whole body
SRR3585749,WGS,110,3151355130,Nuzhdin Lab,PRJNA318623,SAMN05157320,Model organism or animal,15 generations of full-sib inbreeding,full-sib mating,1355898101,UNIVERSITY OF FLORIDA,S. V. Nuzhdin,2013,public,"fastq,sra","gs,ncbi,s3","gs.US,ncbi.public,s3.us-east-1",adult,SRX1799312,USA,North America,"USA: California\, Zuma",Standard laboratory methods on cornmeal and molasses medium,Illumina HiSeq 2500,Sz196,SINGLE,RANDOM,GENOMIC,Drosophila simulans,ILLUMINA,2016-10-13T00:00:00Z,Sz196,DNA,female,SRP075682,Sz196,whole body
SRR3585750,WGS,110,2059424400,Nuzhdin Lab,PRJNA318623,SAMN05157321,Model organism or animal,15 generations of full-sib inbreeding,full-sib mating,997123547,UNIVERSITY OF FLORIDA,S. V. Nuzhdin,2013,public,"fastq,sra","gs,ncbi,s3","gs.US,ncbi.public,s3.us-east-1",adult,SRX1799313,USA,North America,"USA: California\, Zuma",Standard laboratory methods on cornmeal and molasses medium,Illumina HiSeq 2500,Sz197,SINGLE,RANDOM,GENOMIC,Drosophila simulans,ILLUMINA,2016-10-13T00:00:00Z,Sz197,DNA,female,SRP075682,Sz197,whole body
SRR3585751,WGS,110,3125125740,Nuzhdin Lab,PRJNA318623,SAMN05157322,Model organism or animal,15 generations of full-sib inbreeding,full-sib mating,1510945812,UNIVERSITY OF FLORIDA,S. V. Nuzhdin,2013,public,"fastq,sra","gs,ncbi,s3","gs.US,ncbi.public,s3.us-east-1",adult,SRX1799314,USA,North America,"USA: California\, Zuma",Standard laboratory methods on cornmeal and molasses medium,Illumina HiSeq 2500,Sz199,SINGLE,RANDOM,GENOMIC,Drosophila simulans,ILLUMINA,2016-10-13T00:00:00Z,Sz199,DNA,female,SRP075682,Sz199,whole body
SRR3585752,WGS,110,1129474830,Nuzhdin Lab,PRJNA318623,SAMN05157260,Model organism or animal,15 generations of full-sib inbreeding,full-sib mating,546456417,UNIVERSITY OF FLORIDA,S. V. Nuzhdin,2013,public,"fastq,sra","gs,ncbi,s3","gs.US,ncbi.public,s3.us-east-1",adult,SRX1799315,USA,North America,"USA: California\, Zuma",Standard laboratory methods on cornmeal and molasses medium,Illumina HiSeq 2500,Sz111,SINGLE,RANDOM,GENOMIC,Drosophila simulans,ILLUMINA,2016-10-13T00:00:00Z,Sz111,DNA,female,SRP075682,Sz111,whole body
SRR3585753,WGS,110,1530642850,Nuzhdin Lab,PRJNA318623,SAMN05157323,Model organism or animal,15 generations of full-sib inbreeding,full-sib mating,659325818,UNIVERSITY OF FLORIDA,S. V. Nuzhdin,2013,public,"fastq,sra","gs,ncbi,s3","gs.US,ncbi.public,s3.us-east-1",adult,SRX1799316,USA,North America,"USA: California\, Zuma",Standard laboratory methods on cornmeal and molasses medium,Illumina HiSeq 2500,Sz200,SINGLE,RANDOM,GENOMIC,Drosophila simulans,ILLUMINA,2016-10-13T00:00:00Z,Sz200,DNA,female,SRP075682,Sz200,whole body
SRR3585754,WGS,110,1524448750,Nuzhdin Lab,PRJNA318623,SAMN05157324,Model organism or animal,15 generations of full-sib inbreeding,full-sib mating,737649802,UNIVERSITY OF FLORIDA,S. V. Nuzhdin,2013,public,"fastq,sra","gs,ncbi,s3","gs.US,ncbi.public,s3.us-east-1",adult,SRX1799317,USA,North America,"USA: California\, Zuma",Standard laboratory methods on cornmeal and molasses medium,Illumina HiSeq 2500,Sz201,SINGLE,RANDOM,GENOMIC,Drosophila simulans,ILLUMINA,2016-10-13T00:00:00Z,Sz201,DNA,female,SRP075682,Sz201,whole body
SRR3585755,WGS,110,2148879480,Nuzhdin Lab,PRJNA318623,SAMN05157325,Model organism or animal,15 generations of full-sib inbreeding,full-sib mating,921311633,UNIVERSITY OF FLORIDA,S. V. Nuzhdin,2013,public,"fastq,sra","gs,ncbi,s3","gs.US,ncbi.public,s3.us-east-1",adult,SRX1799318,USA,North America,"USA: California\, Zuma",Standard laboratory methods on cornmeal and molasses medium,Illumina HiSeq 2500,Sz202,SINGLE,RANDOM,GENOMIC,Drosophila simulans,ILLUMINA,2016-10-13T00:00:00Z,Sz202,DNA,female,SRP075682,Sz202,whole body
SRR3585756,WGS,110,1015994760,Nuzhdin Lab,PRJNA318623,SAMN05157326,Model organism or animal,15 generations of full-sib inbreeding,full-sib mating,493435608,UNIVERSITY OF FLORIDA,S. V. Nuzhdin,2013,public,"fastq,sra","gs,ncbi,s3","gs.US,ncbi.public,s3.us-east-1",adult,SRX1799319,USA,North America,"USA: California\, Zuma",Standard laboratory methods on cornmeal and molasses medium,Illumina HiSeq 2500,Sz203,SINGLE,RANDOM,GENOMIC,Drosophila simulans,ILLUMINA,2016-10-13T00:00:00Z,Sz203,DNA,female,SRP075682,Sz203,whole body
SRR3585757,WGS,110,1884584900,Nuzhdin Lab,PRJNA318623,SAMN05157327,Model organism or animal,15 generations of full-sib inbreeding,full-sib mating,909837164,UNIVERSITY OF FLORIDA,S. V. Nuzhdin,2013,public,"fastq,sra","gs,ncbi,s3","gs.US,ncbi.public,s3.us-east-1",adult,SRX1799320,USA,North America,"USA: California\, Zuma",Standard laboratory methods on cornmeal and molasses medium,Illumina HiSeq 2500,Sz204,SINGLE,RANDOM,GENOMIC,Drosophila simulans,ILLUMINA,2016-10-13T00:00:00Z,Sz204,DNA,female,SRP075682,Sz204,whole body
SRR3585758,WGS,110,1020284320,Nuzhdin Lab,PRJNA318623,SAMN05157328,Model organism or animal,15 generations of full-sib inbreeding,full-sib mating,495774317,UNIVERSITY OF FLORIDA,S. V. Nuzhdin,2013,public,"fastq,sra","gs,ncbi,s3","gs.US,ncbi.public,s3.us-east-1",adult,SRX1799321,USA,North America,"USA: California\, Zuma",Standard laboratory methods on cornmeal and molasses medium,Illumina HiSeq 2500,Sz205,SINGLE,RANDOM,GENOMIC,Drosophila simulans,ILLUMINA,2016-10-13T00:00:00Z,Sz205,DNA,female,SRP075682,Sz205,whole body
SRR3585759,WGS,110,802842040,Nuzhdin Lab,PRJNA318623,SAMN05157329,Model organism or animal,15 generations of full-sib inbreeding,full-sib mating,389570796,UNIVERSITY OF FLORIDA,S. V. Nuzhdin,2013,public,"fastq,sra","gs,ncbi,s3","gs.US,ncbi.public,s3.us-east-1",adult,SRX1799322,USA,North America,"USA: California\, Zuma",Standard laboratory methods on cornmeal and molasses medium,Illumina HiSeq 2500,Sz207,SINGLE,RANDOM,GENOMIC,Drosophila simulans,ILLUMINA,2016-10-13T00:00:00Z,Sz207,DNA,female,SRP075682,Sz207,whole body
SRR3585760,WGS,110,1852803700,Nuzhdin Lab,PRJNA318623,SAMN05157330,Model organism or animal,15 generations of full-sib inbreeding,full-sib mating,895036361,UNIVERSITY OF FLORIDA,S. V. Nuzhdin,2013,public,"fastq,sra","gs,ncbi,s3","gs.US,ncbi.public,s3.us-east-1",adult,SRX1799323,USA,North America,"USA: California\, Zuma",Standard laboratory methods on cornmeal and molasses medium,Illumina HiSeq 2500,Sz208,SINGLE,RANDOM,GENOMIC,Drosophila simulans,ILLUMINA,2016-10-13T00:00:00Z,Sz208,DNA,female,SRP075682,Sz208,whole body
SRR3585761,WGS,110,2073757620,Nuzhdin Lab,PRJNA318623,SAMN05157331,Model organism or animal,15 generations of full-sib inbreeding,full-sib mating,1003648603,UNIVERSITY OF FLORIDA,S. V. Nuzhdin,2013,public,"fastq,sra","gs,ncbi,s3","gs.US,ncbi.public,s3.us-east-1",adult,SRX1799324,USA,North America,"USA: California\, Zuma",Standard laboratory methods on cornmeal and molasses medium,Illumina HiSeq 2500,Sz209,SINGLE,RANDOM,GENOMIC,Drosophila simulans,ILLUMINA,2016-10-13T00:00:00Z,Sz209,DNA,female,SRP075682,Sz209,whole body
SRR3585762,WGS,110,3456750,Nuzhdin Lab,PRJNA318623,SAMN05157332,Model organism or animal,15 generations of full-sib inbreeding,full-sib mating,1578414,UNIVERSITY OF FLORIDA,S. V. Nuzhdin,2013,public,"fastq,sra","gs,ncbi,s3","gs.US,ncbi.public,s3.us-east-1",adult,SRX1799325,USA,North America,"USA: California\, Zuma",Standard laboratory methods on cornmeal and molasses medium,Illumina HiSeq 2500,Sz21,SINGLE,RANDOM,GENOMIC,Drosophila simulans,ILLUMINA,2016-10-13T00:00:00Z,Sz21,DNA,female,SRP075682,Sz21,whole body
SRR3585763,WGS,110,1305571850,Nuzhdin Lab,PRJNA318623,SAMN05157261,Model organism or animal,15 generations of full-sib inbreeding,full-sib mating,562167810,UNIVERSITY OF FLORIDA,S. V. Nuzhdin,2013,public,"fastq,sra","gs,ncbi,s3","gs.US,ncbi.public,s3.us-east-1",adult,SRX1799326,USA,North America,"USA: California\, Zuma",Standard laboratory methods on cornmeal and molasses medium,Illumina HiSeq 2500,Sz113,SINGLE,RANDOM,GENOMIC,Drosophila simulans,ILLUMINA,2016-10-13T00:00:00Z,Sz113,DNA,female,SRP075682,Sz113,whole body
SRR3585764,WGS,110,2800504190,Nuzhdin Lab,PRJNA318623,SAMN05157333,Model organism or animal,15 generations of full-sib inbreeding,full-sib mating,1355324061,UNIVERSITY OF FLORIDA,S. V. Nuzhdin,2013,public,"fastq,sra","gs,ncbi,s3","gs.US,ncbi.public,s3.us-east-1",adult,SRX1799327,USA,North America,"USA: California\, Zuma",Standard laboratory methods on cornmeal and molasses medium,Illumina HiSeq 2500,Sz210,SINGLE,RANDOM,GENOMIC,Drosophila simulans,ILLUMINA,2016-10-13T00:00:00Z,Sz210,DNA,female,SRP075682,Sz210,whole body
SRR3585765,WGS,110,1040697570,Nuzhdin Lab,PRJNA318623,SAMN05157334,Model organism or animal,15 generations of full-sib inbreeding,full-sib mating,508665934,UNIVERSITY OF FLORIDA,S. V. Nuzhdin,2013,public,"fastq,sra","gs,ncbi,s3","gs.US,ncbi.public,s3.us-east-1",adult,SRX1799328,USA,North America,"USA: California\, Zuma",Standard laboratory methods on cornmeal and molasses medium,Illumina HiSeq 2500,Sz211,SINGLE,RANDOM,GENOMIC,Drosophila simulans,ILLUMINA,2016-10-13T00:00:00Z,Sz211,DNA,female,SRP075682,Sz211,whole body
SRR3585766,WGS,110,1122255090,Nuzhdin Lab,PRJNA318623,SAMN05157335,Model organism or animal,15 generations of full-sib inbreeding,full-sib mating,545533183,UNIVERSITY OF FLORIDA,S. V. Nuzhdin,2013,public,"fastq,sra","gs,ncbi,s3","gs.US,ncbi.public,s3.us-east-1",adult,SRX1799329,USA,North America,"USA: California\, Zuma",Standard laboratory methods on cornmeal and molasses medium,Illumina HiSeq 2500,Sz212,SINGLE,RANDOM,GENOMIC,Drosophila simulans,ILLUMINA,2016-10-13T00:00:00Z,Sz212,DNA,female,SRP075682,Sz212,whole body
SRR3585767,WGS,110,1682606090,Nuzhdin Lab,PRJNA318623,SAMN05157336,Model organism or animal,15 generations of full-sib inbreeding,full-sib mating,814384433,UNIVERSITY OF FLORIDA,S. V. Nuzhdin,2013,public,"fastq,sra","gs,ncbi,s3","gs.US,ncbi.public,s3.us-east-1",adult,SRX1799330,USA,North America,"USA: California\, Zuma",Standard laboratory methods on cornmeal and molasses medium,Illumina HiSeq 2500,Sz213,SINGLE,RANDOM,GENOMIC,Drosophila simulans,ILLUMINA,2016-10-13T00:00:00Z,Sz213,DNA,female,SRP075682,Sz213,whole body
SRR3585768,WGS,110,1941702290,Nuzhdin Lab,PRJNA318623,SAMN05157337,Model organism or animal,15 generations of full-sib inbreeding,full-sib mating,937148817,UNIVERSITY OF FLORIDA,S. V. Nuzhdin,2013,public,"fastq,sra","gs,ncbi,s3","gs.US,ncbi.public,s3.us-east-1",adult,SRX1799331,USA,North America,"USA: California\, Zuma",Standard laboratory methods on cornmeal and molasses medium,Illumina HiSeq 2500,Sz214,SINGLE,RANDOM,GENOMIC,Drosophila simulans,ILLUMINA,2016-10-13T00:00:00Z,Sz214,DNA,female,SRP075682,Sz214,whole body
SRR3585769,WGS,110,946210650,Nuzhdin Lab,PRJNA318623,SAMN05157338,Model organism or animal,15 generations of full-sib inbreeding,full-sib mating,411379352,UNIVERSITY OF FLORIDA,S. V. Nuzhdin,2013,public,"fastq,sra","gs,ncbi,s3","gs.US,ncbi.public,s3.us-east-1",adult,SRX1799332,USA,North America,"USA: California\, Zuma",Standard laboratory methods on cornmeal and molasses medium,Illumina HiSeq 2500,Sz217,SINGLE,RANDOM,GENOMIC,Drosophila simulans,ILLUMINA,2016-10-13T00:00:00Z,Sz217,DNA,female,SRP075682,Sz217,whole body
SRR3585770,WGS,110,1446796230,Nuzhdin Lab,PRJNA318623,SAMN05157339,Model organism or animal,15 generations of full-sib inbreeding,full-sib mating,697387640,UNIVERSITY OF FLORIDA,S. V. Nuzhdin,2013,public,"fastq,sra","gs,ncbi,s3","gs.US,ncbi.public,s3.us-east-1",adult,SRX1799333,USA,North America,"USA: California\, Zuma",Standard laboratory methods on cornmeal and molasses medium,Illumina HiSeq 2500,Sz218,SINGLE,RANDOM,GENOMIC,Drosophila simulans,ILLUMINA,2016-10-13T00:00:00Z,Sz218,DNA,female,SRP075682,Sz218,whole body
SRR3585771,WGS,110,568386830,Nuzhdin Lab,PRJNA318623,SAMN05157340,Model organism or animal,15 generations of full-sib inbreeding,full-sib mating,243470691,UNIVERSITY OF FLORIDA,S. V. Nuzhdin,2013,public,"fastq,sra","gs,ncbi,s3","gs.US,ncbi.public,s3.us-east-1",adult,SRX1799334,USA,North America,"USA: California\, Zuma",Standard laboratory methods on cornmeal and molasses medium,Illumina HiSeq 2500,Sz22,SINGLE,RANDOM,GENOMIC,Drosophila simulans,ILLUMINA,2016-10-13T00:00:00Z,Sz22,DNA,female,SRP075682,Sz22,whole body
SRR3585772,WGS,110,1979262340,Nuzhdin Lab,PRJNA318623,SAMN05157341,Model organism or animal,15 generations of full-sib inbreeding,full-sib mating,957909030,UNIVERSITY OF FLORIDA,S. V. Nuzhdin,2013,public,"fastq,sra","gs,ncbi,s3","gs.US,ncbi.public,s3.us-east-1",adult,SRX1799335,USA,North America,"USA: California\, Zuma",Standard laboratory methods on cornmeal and molasses medium,Illumina HiSeq 2500,Sz220,SINGLE,RANDOM,GENOMIC,Drosophila simulans,ILLUMINA,2016-10-13T00:00:00Z,Sz220,DNA,female,SRP075682,Sz220,whole body
SRR3585773,WGS,110,1857818380,Nuzhdin Lab,PRJNA318623,SAMN05157342,Model organism or animal,15 generations of full-sib inbreeding,full-sib mating,897844362,UNIVERSITY OF FLORIDA,S. V. Nuzhdin,2013,public,"fastq,sra","gs,ncbi,s3","gs.US,ncbi.public,s3.us-east-1",adult,SRX1799336,USA,North America,"USA: California\, Zuma",Standard laboratory methods on cornmeal and molasses medium,Illumina HiSeq 2500,Sz223,SINGLE,RANDOM,GENOMIC,Drosophila simulans,ILLUMINA,2016-10-13T00:00:00Z,Sz223,DNA,female,SRP075682,Sz223,whole body
SRR3585774,WGS,110,1102145990,Nuzhdin Lab,PRJNA318623,SAMN05157262,Model organism or animal,15 generations of full-sib inbreeding,full-sib mating,476541461,UNIVERSITY OF FLORIDA,S. V. Nuzhdin,2013,public,"fastq,sra","gs,ncbi,s3","gs.US,ncbi.public,s3.us-east-1",adult,SRX1799337,USA,North America,"USA: California\, Zuma",Standard laboratory methods on cornmeal and molasses medium,Illumina HiSeq 2500,Sz115,SINGLE,RANDOM,GENOMIC,Drosophila simulans,ILLUMINA,2016-10-13T00:00:00Z,Sz115,DNA,female,SRP075682,Sz115,whole body
SRR3585775,WGS,110,2007061100,Nuzhdin Lab,PRJNA318623,SAMN05157343,Model organism or animal,15 generations of full-sib inbreeding,full-sib mating,974012251,UNIVERSITY OF FLORIDA,S. V. Nuzhdin,2013,public,"fastq,sra","gs,ncbi,s3","gs.US,ncbi.public,s3.us-east-1",adult,SRX1799338,USA,North America,"USA: California\, Zuma",Standard laboratory methods on cornmeal and molasses medium,Illumina HiSeq 2500,Sz225,SINGLE,RANDOM,GENOMIC,Drosophila simulans,ILLUMINA,2016-10-13T00:00:00Z,Sz225,DNA,female,SRP075682,Sz225,whole body
SRR3585776,WGS,110,1876909210,Nuzhdin Lab,PRJNA318623,SAMN05157344,Model organism or animal,15 generations of full-sib inbreeding,full-sib mating,905957558,UNIVERSITY OF FLORIDA,S. V. Nuzhdin,2013,public,"fastq,sra","gs,ncbi,s3","gs.US,ncbi.public,s3.us-east-1",adult,SRX1799339,USA,North America,"USA: California\, Zuma",Standard laboratory methods on cornmeal and molasses medium,Illumina HiSeq 2500,Sz226,SINGLE,RANDOM,GENOMIC,Drosophila simulans,ILLUMINA,2016-10-13T00:00:00Z,Sz226,DNA,female,SRP075682,Sz226,whole body
SRR3585777,WGS,110,518617660,Nuzhdin Lab,PRJNA318623,SAMN05157345,Model organism or animal,15 generations of full-sib inbreeding,full-sib mating,252356648,UNIVERSITY OF FLORIDA,S. V. Nuzhdin,2013,public,"fastq,sra","gs,ncbi,s3","gs.US,ncbi.public,s3.us-east-1",adult,SRX1799340,USA,North America,"USA: California\, Zuma",Standard laboratory methods on cornmeal and molasses medium,Illumina HiSeq 2500,Sz228,SINGLE,RANDOM,GENOMIC,Drosophila simulans,ILLUMINA,2016-10-13T00:00:00Z,Sz228,DNA,female,SRP075682,Sz228,whole body
SRR3585778,WGS,110,1436423120,Nuzhdin Lab,PRJNA318623,SAMN05157346,Model organism or animal,15 generations of full-sib inbreeding,full-sib mating,614777937,UNIVERSITY OF FLORIDA,S. V. Nuzhdin,2013,public,"fastq,sra","gs,ncbi,s3","gs.US,ncbi.public,s3.us-east-1",adult,SRX1799341,USA,North America,"USA: California\, Zuma",Standard laboratory methods on cornmeal and molasses medium,Illumina HiSeq 2500,Sz229,SINGLE,RANDOM,GENOMIC,Drosophila simulans,ILLUMINA,2016-10-13T00:00:00Z,Sz229,DNA,female,SRP075682,Sz229,whole body
SRR3585779,WGS,110,1032762060,Nuzhdin Lab,PRJNA318623,SAMN05157347,Model organism or animal,15 generations of full-sib inbreeding,full-sib mating,502577088,UNIVERSITY OF FLORIDA,S. V. Nuzhdin,2013,public,"fastq,sra","gs,ncbi,s3","gs.US,ncbi.public,s3.us-east-1",adult,SRX1799342,USA,North America,"USA: California\, Zuma",Standard laboratory methods on cornmeal and molasses medium,Illumina HiSeq 2500,Sz232,SINGLE,RANDOM,GENOMIC,Drosophila simulans,ILLUMINA,2016-10-13T00:00:00Z,Sz232,DNA,female,SRP075682,Sz232,whole body
SRR3585780,WGS,110,1629380720,Nuzhdin Lab,PRJNA318623,SAMN05157348,Model organism or animal,15 generations of full-sib inbreeding,full-sib mating,695827806,UNIVERSITY OF FLORIDA,S. V. Nuzhdin,2013,public,"fastq,sra","gs,ncbi,s3","gs.US,ncbi.public,s3.us-east-1",adult,SRX1799343,USA,North America,"USA: California\, Zuma",Standard laboratory methods on cornmeal and molasses medium,Illumina HiSeq 2500,Sz233,SINGLE,RANDOM,GENOMIC,Drosophila simulans,ILLUMINA,2016-10-13T00:00:00Z,Sz233,DNA,female,SRP075682,Sz233,whole body
SRR3585781,WGS,110,2488032580,Nuzhdin Lab,PRJNA318623,SAMN05157349,Model organism or animal,15 generations of full-sib inbreeding,full-sib mating,1069657049,UNIVERSITY OF FLORIDA,S. V. Nuzhdin,2013,public,"fastq,sra","gs,ncbi,s3","gs.US,ncbi.public,s3.us-east-1",adult,SRX1799344,USA,North America,"USA: California\, Zuma",Standard laboratory methods on cornmeal and molasses medium,Illumina HiSeq 2500,Sz234,SINGLE,RANDOM,GENOMIC,Drosophila simulans,ILLUMINA,2016-10-13T00:00:00Z,Sz234,DNA,female,SRP075682,Sz234,whole body
SRR3585782,WGS,110,1329295660,Nuzhdin Lab,PRJNA318623,SAMN05157350,Model organism or animal,15 generations of full-sib inbreeding,full-sib mating,646400347,UNIVERSITY OF FLORIDA,S. V. Nuzhdin,2013,public,"fastq,sra","gs,ncbi,s3","gs.US,ncbi.public,s3.us-east-1",adult,SRX1799345,USA,North America,"USA: California\, Zuma",Standard laboratory methods on cornmeal and molasses medium,Illumina HiSeq 2500,Sz236,SINGLE,RANDOM,GENOMIC,Drosophila simulans,ILLUMINA,2016-10-13T00:00:00Z,Sz236,DNA,female,SRP075682,Sz236,whole body
SRR3585783,WGS,110,3185611000,Nuzhdin Lab,PRJNA318623,SAMN05157351,Model organism or animal,15 generations of full-sib inbreeding,full-sib mating,1543546999,UNIVERSITY OF FLORIDA,S. V. Nuzhdin,2013,public,"fastq,sra","gs,ncbi,s3","gs.US,ncbi.public,s3.us-east-1",adult,SRX1799346,USA,North America,"USA: California\, Zuma",Standard laboratory methods on cornmeal and molasses medium,Illumina HiSeq 2500,Sz237,SINGLE,RANDOM,GENOMIC,Drosophila simulans,ILLUMINA,2016-10-13T00:00:00Z,Sz237,DNA,female,SRP075682,Sz237,whole body
SRR3585784,WGS,110,1017146350,Nuzhdin Lab,PRJNA318623,SAMN05157352,Model organism or animal,15 generations of full-sib inbreeding,full-sib mating,494761050,UNIVERSITY OF FLORIDA,S. V. Nuzhdin,2013,public,"fastq,sra","gs,ncbi,s3","gs.US,ncbi.public,s3.us-east-1",adult,SRX1799347,USA,North America,"USA: California\, Zuma",Standard laboratory methods on cornmeal and molasses medium,Illumina HiSeq 2500,Sz238,SINGLE,RANDOM,GENOMIC,Drosophila simulans,ILLUMINA,2016-10-13T00:00:00Z,Sz238,DNA,female,SRP075682,Sz238,whole body
